w,vector_uso
happened,"[14, 3, 0, 0, 3, 0, 0, 0, 0, 0, 17, 1, 55, 0, 0, 12, 0]",no especificó
decided,"[1, 10, 0, 5, 0, 4, 6, 1]",no especificó
While,"[1, 1, 77, 11]",no especificó
staring,"[0, 0, 6, 9, 2, 1, 0, 0, 0, 22, 2, 2, 3, 1, 12, 3, 0, 0, 0]",no especificó
nice,"[1, 4, 0, 0, 11, 0, 1, 0, 1, 0]",no especificó
comfortably,"[4, 82]",no especificó
somewhere,"[5, 1]",no especificó
three,"[15, 0, 56, 0, 0, 0, 0, 0, 0, 0, 0, 0, 0, 0, 0, 0, 0, 0, 0]",no especificó
J'ai,[],no especificó
wrong,"[0, 0, 19, 3, 0, 0, 0, 0, 1, 1, 0, 0, 0, 0, 0]",no especificó
metal-tasting,[],no especificó
breathing,"[0, 0, 0, 2, 16, 0, 0, 0, 0, 7, 0, 0, 0, 0, 0]",no especificó
human,"[0, 173, 0, 49]",no especificó
sipping,[0],no especificó
bath,"[0, 0, 0, 0, 4, 3, 1]",no especificó
wager,"[0, 4, 0, 2, 23]",no especificó
reinforce,"[0, 0, 1]",no especificó
stomach,"[0, 0, 0, 8, 0, 0, 19, 13, 0, 6, 2, 0, 3, 0, 0, 5, 0, 0]",no especificó
eye,"[15, 0, 0, 23, 0, 0, 20, 11]",no especificó
too,"[118, 121, 2, 1, 3, 0, 0, 0]",no especificó
everything,[],no especificó
while,"[1, 1, 77, 11]",no especificó
looked,"[0, 62, 4, 0, 10, 41, 15, 4, 5, 0, 0, 7, 102, 3, 7, 26, 59]",no especificó
scald,"[1, 0, 1]",no especificó
fell,"[20, 9, 0, 0, 0, 2, 0, 1, 20, 0, 0, 0, 0, 6, 1, 3, 1, 13, 1, 84, 2, 12, 4, 1, 0, 0, 0, 0, 5, 0, 3, 0, 0, 47]",no especificó
swimming,"[1, 4, 0, 13, 0, 0]",no especificó
we,[],no especificó
With,[],no especificó
stick,"[0, 0, 1, 0, 0, 3, 23, 1, 0, 0, 0, 0, 0, 0, 0, 4, 0, 6, 1, 16, 0, 0, 0, 0, 1, 1, 0, 0, 0, 0, 123, 0, 0, 1, 2, 0, 0, 0, 0, 0, 0]",no especificó
moment,"[45, 40, 0, 0, 6, 5, 13, 3, 24, 0]",no especificó
apartment,"[6, 10]",no especificó
waiter,"[0, 1]",no especificó
After,"[3, 0, 89, 0, 0, 33]",no especificó
equal,"[0, 0, 0, 722, 12, 3, 9, 0, 2, 0, 11]",no especificó
tricks,"[0, 0, 0, 0, 0, 0, 0, 0, 5, 5, 0, 0, 1, 0, 13, 6, 0, 0, 0, 0, 0, 0, 0, 0, 0]",no especificó
Tuborg,[],no especificó
soon,"[0, 3, 20, 2]",no especificó
You,[],no especificó
kind,"[18, 0, 39, 2, 57, 10]",no especificó
rain,"[0, 1, 1, 0, 5]",no especificó
frame,"[2, 0, 1, 0, 22, 0, 0, 0, 0, 51, 0, 0, 0, 3, 1, 0, 9, 0, 1, 39, 1, 0, 0, 5, 6, 0, 0, 4, 0, 0, 0, 0, 0, 13]",no especificó
think,"[12, 31, 37, 0, 0, 0, 0, 0, 12, 10, 5, 2, 0, 65, 14, 0, 0, 15, 0]",no especificó
deeper,"[9, 0, 4, 7, 3, 0, 0, 0, 15, 0, 0, 13, 2]",no especificó
aside,"[0, 7, 40, 0, 6, 497, 0, 0]",no especificó
liked,"[21, 176, 17, 9]",no especificó
wheeled,"[0, 5, 2, 0, 7, 11, 0, 0]",no especificó
noblesse,"[1, 0]",no especificó
use,"[7, 0, 1, 5, 0, 1, 6, 11, 9, 0, 3, 6, 0, 0, 1, 7, 0, 0, 0, 0, 2, 0, 66]",no especificó
time,"[1, 1, 188, 0, 3, 0, 0, 0, 0]",no especificó
funny,"[0, 3, 0, 2, 0, 0, 1, 0, 1, 0, 0, 2, 8, 5, 0, 0, 6, 0, 0, 3, 2]",no especificó
sitting,"[0, 0, 0, 9, 12, 10, 8, 1, 0, 0, 12, 0, 3, 0]",no especificó
A40-AjK,[],no especificó
Now,"[1, 12, 0, 28, 2, 0, 0, 3, 0, 0, 12, 0, 129]",no especificó
mussels,[0],no especificó
showered,"[0, 0, 0]",no especificó
Once,"[0, 0, 53, 0, 0, 0, 0]",no especificó
brightly,"[2, 0, 6]",no especificó
him,[],no especificó
and,[],no especificó
away,"[309, 29, 40, 9, 102, 7, 497]",no especificó
ask,"[6, 0, 0, 14, 22, 0, 15, 1, 0, 5, 54, 80]",no especificó
tight,"[0, 0, 0, 5, 0, 0, 37, 0, 0, 9, 0, 2, 1, 0, 0, 1, 0, 1, 19, 0, 4, 1, 0, 3, 0, 0, 0, 0, 2, 0, 27, 0]",no especificó
line,"[0, 31, 3, 0, 39, 24, 0, 0, 0, 0, 7, 0, 1, 1, 0, 0, 0, 0, 0, 0, 9, 0, 0, 1, 6, 0, 0, 0, 0, 0, 5, 74, 0, 0, 0, 0, 0, 3, 26, 0, 0, 1, 9, 0, 2, 0, 0, 3, 0, 0, 0, 0, 36, 0, 0, 0, 7, 0, 0, 0, 0, 0, 0, 6, 0, 0, 2, 2]",no especificó
lot,"[0, 1, 20, 0, 0, 0, 0, 2, 12, 0, 0, 3, 0, 9, 0, 0, 12, 0, 2, 10, 0, 8, 1, 4, 0, 0, 0, 0, 0, 0, 0, 18, 0, 1, 46, 1, 0, 3, 0, 4, 0, 0, 0, 1, 3, 10, 0, 13, 0, 4]",no especificó
oblige,"[1, 0, 0, 0, 17, 3]",no especificó
breathed,"[0, 0, 2, 16, 0, 0, 0, 0, 0, 0, 0]",no especificó
chassis,"[0, 6, 0, 9, 0, 0, 1, 39, 22, 0, 5, 0, 0, 13]",no especificó
type,"[0, 0, 16, 35, 0, 12]",no especificó
feed,"[43, 1, 0, 2, 0, 0, 74, 8, 51, 0, 0, 0, 0, 6, 1]",no especificó
innocently,[0],no especificó
Suddenly,"[0, 0, 20, 28, 0, 4, 27]",no especificó
limp,"[4, 0, 0, 0, 1]",no especificó
remove,"[0, 21, 1, 0, 102, 1, 2, 8, 0, 0, 1, 0, 0, 0, 80, 7]",no especificó
slept,"[0, 19, 0, 0, 0]",no especificó
immediately,"[1, 12, 0, 0, 3, 0, 0, 12, 0, 129]",no especificó
drink,"[0, 0, 1, 0, 0, 0, 15, 0, 0, 0, 0, 0, 0, 0, 0, 2, 0, 8, 0]",no especificó
bread,"[0, 0, 0, 0, 0, 0, 1, 0, 0, 0, 2, 0, 0, 1, 0, 0, 0, 1, 0, 0, 0]",no especificó
smoke,"[0, 0, 0, 0, 5, 0, 0, 4, 0, 0, 0, 0, 10, 0, 1, 0, 7, 0, 0]",no especificó
break,"[0, 0, 0, 0, 0, 0, 90, 0, 0, 0, 0, 0, 0, 7, 0, 3, 5, 0, 0, 0, 0, 57, 0, 0, 1, 0, 0, 12, 0, 0, 1, 0, 2, 0, 1, 2, 7, 13, 0, 0, 0, 0, 2, 0, 3, 0, 6, 0, 0, 0, 4, 11, 3, 0, 0, 0, 0, 0, 1, 0, 0, 1, 0, 3, 0, 0, 0, 0, 1, 0, 47, 51, 0, 0, 3, 3, 3, 0, 7, 0, 0, 0, 0, 18, 0, 0, 0, 0, 1, 1, 0, 0, 0, 0, 0, 6, 0, 1, 1, 0]",no especificó
robe,"[0, 0, 0, 0, 0, 0]",no especificó
laugh,"[0, 0, 0, 0, 6, 0, 10, 2]",no especificó
Somehow,"[0, 0, 0, 5, 0]",no especificó
gotten,"[6, 0, 0, 0, 1, 18, 0, 3, 11, 33, 16, 0, 0, 23, 0, 21, 0, 12, 3, 0, 0, 0, 113, 0, 9, 8, 0, 90, 0, 0, 2, 12, 0, 0, 0, 49, 6, 80, 1, 0, 4, 0, 0, 0, 492, 3, 0, 84, 0, 1, 2, 18, 0, 0, 0, 0, 123, 7, 0, 1, 2, 0, 19, 0, 55, 19, 3, 0, 5, 51]",no especificó
Anyway,"[0, 3, 0, 0, 6, 0]",no especificó
sea,"[19, 13]",no especificó
cognac,[0],no especificó
together,"[0, 0, 30]",no especificó
used,"[0, 0, 1, 0, 0, 0, 7, 1, 66, 0, 43, 0, 6, 1, 0]",no especificó
plane,"[0, 0, 10, 18, 0, 0, 0, 0, 14, 12, 0, 4]",no especificó
thought,"[12, 0, 31, 37, 0, 1, 0, 17, 0, 0, 1, 0, 0, 12, 10, 5, 2, 0, 67, 65, 0, 15, 0, 14, 0, 0, 4, 31, 15, 0]",no especificó
rotten,"[0, 0, 0, 0, 0, 0, 0, 0, 1]",no especificó
assuaged,"[0, 0, 0, 0, 0, 0, 1, 0, 0, 0, 3, 0, 0, 0, 0]",no especificó
What's,[],no especificó
an,"[0, 0]",no especificó
ordered,"[2, 70, 1, 0, 0, 17, 0, 39, 12, 51, 3, 34, 1, 3, 0, 1, 8, 0, 21, 5, 0, 0, 72, 0, 0, 0]",no especificó
brush,"[0, 3, 0, 0, 1, 0, 0, 0, 9, 0, 0]",no especificó
hoped,"[0, 16, 7, 22, 0, 0, 0]",no especificó
filter,"[0, 1, 0, 0, 0, 0, 0, 0, 0, 1]",no especificó
took,"[6, 6, 1, 20, 22, 1, 18, 0, 16, 5, 9, 11, 4, 4, 5, 6, 54, 3, 0, 0, 0, 3, 7, 113, 5, 5, 0, 14, 7, 2, 0, 2, 9, 0, 24, 0, 1, 0, 80, 4, 0, 2, 1, 492, 1, 0, 20, 5, 0, 3, 1, 17, 10, 0, 123, 1, 3, 0, 1, 21, 0, 10, 0, 5, 7, 0]",no especificó
sentence,"[1, 0, 0, 188, 0, 2, 0, 3]",no especificó
forty,"[6, 2, 0, 0, 0]",no especificó
dark,"[31, 1, 0, 0, 8, 1, 1, 0, 0, 8, 0, 0, 2, 0, 0, 5, 0, 13, 0, 51, 2, 0, 0, 0, 0, 0, 0, 3, 1, 1, 1, 21, 1]",no especificó
act,"[22, 0, 0, 127, 0, 37, 23, 0, 19, 6, 1, 42, 3, 0, 0, 24, 163, 5, 0, 0]",no especificó
Handsome,"[0, 0, 13, 0, 53, 7, 0, 2, 0, 0, 0, 0, 0, 0]",no especificó
steamed,"[1, 0, 2, 0, 0, 0, 0, 0, 0, 0, 0, 0, 1, 0]",no especificó
seen,"[17, 0, 0, 0, 22, 13, 0, 1, 6, 38, 0, 0, 1, 0, 2, 7, 2, 0, 12, 49, 4, 0, 19, 0, 0, 8, 4, 0, 0, 0, 11, 102, 0, 10, 3, 6, 0, 5, 59, 0, 15, 0, 4, 1, 0, 20, 0, 3, 8, 7, 0, 4, 0, 55, 17]",no especificó
Sunday,"[1, 0, 0, 0, 10, 0]",no especificó
isn't,[],no especificó
cool,"[3, 0, 0, 0, 1, 0, 0, 0, 0, 4]",no especificó
embrace,"[0, 5, 8, 0, 0, 0, 0, 0, 0, 2, 1, 1]",no especificó
sky,"[16, 2, 3, 0]",no especificó
ham,"[0, 0, 4, 4, 0, 0, 0, 0]",no especificó
could,[],no especificó
value,"[1, 0, 0, 13, 0, 0, 0, 8, 0, 17, 1, 7, 1, 1, 1, 17]",no especificó
Thanks,"[5, 0, 0]",no especificó
smelled,"[40, 6, 1, 0, 0]",no especificó
tactful,"[0, 0]",no especificó
beautiful,[16],no especificó
posture,"[19, 0, 0, 10, 8, 1, 0, 0, 6, 3, 0, 18, 0]",no especificó
gently,"[2, 7, 0, 6]",no especificó
grotesque,"[3, 0, 2, 1, 0]",no especificó
because,[],no especificó
smiling,"[4, 0, 2, 0, 0, 4]",no especificó
But,"[115, 409, 211, 25, 11]",no especificó
wine,"[0, 0, 2, 0]",no especificó
amount,"[12, 22, 5, 4, 0, 8, 84, 0, 42, 0]",no especificó
said,"[39, 0, 0, 21, 0, 0, 316, 1, 0, 12, 34, 0, 0, 70, 49, 0, 0]",no especificó
last,"[0, 0, 3, 51, 0, 2, 0, 90, 0, 0, 0, 0, 0, 69, 0, 83, 0, 0, 5, 21, 2, 0, 26, 0, 2, 0, 27, 7, 18]",no especificó
Perhaps,"[13, 13, 0, 0, 18, 0]",no especificó
long,"[0, 0, 0, 0, 0, 0, 109, 0, 0, 0, 0, 0]",no especificó
snorted,"[0, 0, 0]",no especificó
today,"[2, 129, 28]",no especificó
come,"[3, 20, 3, 11, 0, 22, 0, 0, 0, 3, 42, 5, 0, 12, 0, 0, 0, 84, 1, 0, 0, 123, 163, 0, 0]",no especificó
putains,[],no especificó
Triomphe,[],no especificó
through,"[0, 32, 0, 125]",no especificó
positive,"[0, 6, 4, 0, 0, 3, 0, 0, 0, 0, 21, 0, 0, 0, 0]",no especificó
mine,[9],no especificó
do,"[0, 22, 5, 0, 0, 6, 9, 3, 0, 0, 113, 0, 0, 3, 0, 0, 1, 84, 18, 0, 46, 0, 0, 163, 0, 1, 0, 6, 25, 1]",no especificó
down,"[9, 20, 0, 0, 0, 0, 0, 0, 1, 0, 0, 0, 0, 0, 5, 2, 0, 0, 0, 13, 1, 0, 0, 32, 0, 0, 0, 0, 0, 0, 146, 0, 0, 0, 0, 0, 0, 0, 0]",no especificó
others,[],no especificó
bench,"[0, 1, 0, 3, 2, 0]",no especificó
fantastic,"[1, 1, 3, 1, 1, 1, 0, 10, 12, 2, 6, 4, 0, 0]",no especificó
squeezed,"[6, 0, 0, 14, 0, 2, 0, 0, 1, 5, 0, 0, 1, 0, 0, 5, 0, 0, 0, 10, 1, 0, 0, 1, 8, 1, 0, 0, 0, 0]",no especificó
from,[],no especificó
wouldn't,[],no especificó
--,[],no especificó
bullet,"[5, 0, 7, 5, 0, 0, 0]",no especificó
years,"[0, 61, 36, 0, 0, 0, 12, 0, 0, 133, 33]",no especificó
topcoat,"[1, 0, 0]",no especificó
felt,"[0, 40, 0, 37, 0, 1, 0, 55, 0, 8, 49, 49, 0]",no especificó
empty,"[0, 0, 0, 0, 0, 1, 1, 12, 3]",no especificó
concentrated,"[6, 2, 33, 0, 0, 23, 0, 0, 5, 0, 0, 0, 5, 0, 0, 2, 0]",no especificó
Orly,[0],no especificó
aqua-lung,"[0, 0, 0]",no especificó
as,"[0, 0, 0, 147, 828, 0, 0, 0, 0, 0, 69, 4, 0, 0, 0, 0, 0, 0, 0, 2793, 0, 0]",no especificó
busy,"[0, 0, 0, 0, 3, 1, 4, 0, 0, 0]",no especificó
hot,"[26, 0, 0, 0, 1, 12]",no especificó
played,"[0, 22, 18, 4, 0, 1, 127, 0, 0, 0, 23, 0, 0, 6, 4, 0, 19, 0, 43, 0, 0, 0, 0, 3, 0]",no especificó
meaning,"[11, 2, 65, 0, 1, 14, 2, 2, 37, 0, 3, 0, 21, 2, 0, 0]",no especificó
young,"[0, 0, 0, 13, 38, 0, 0, 0, 0, 0, 0, 0, 0, 0, 0, 3, 0, 0, 92, 0, 0]",no especificó
(,[],no especificó
each,"[0, 0, 0, 0, 81]",no especificó
couldn't,[],no especificó
Maybe,"[13, 13, 0, 0, 18, 0]",no especificó
Her,[],no especificó
observed,"[9, 35, 0, 11, 0, 0, 8, 0, 0, 0, 1, 12, 4, 5, 13, 3, 0, 9, 3, 12, 55, 0, 8]",no especificó
undressed,"[0, 0, 0, 0, 0, 0, 0, 0, 0, 0, 0, 0, 8, 0, 0, 0]",no especificó
spring,"[0, 7, 0, 0, 3, 0, 3, 0, 4, 19, 0, 0, 0, 0, 4, 0, 51, 0, 39, 0, 0, 0, 0]",no especificó
grinned,[2],no especificó
left,"[9, 0, 0, 0, 0, 0, 2, 0, 0, 41, 1, 16, 0, 32, 0, 218, 2, 51, 20, 0, 0, 0, 27, 12, 0, 6, 0, 0, 0, 0, 0, 0, 0]",no especificó
anesthetic,"[0, 0, 0, 0]",no especificó
Tropic,"[0, 0]",no especificó
'',[],no especificó
night's,[],no especificó
going,"[0, 0, 0, 3, 0, 1, 33, 0, 0, 127, 0, 3, 0, 0, 9, 0, 0, 19, 0, 7, 0, 90, 1, 0, 0, 6, 0, 13, 0, 6, 71, 43, 17, 0, 83, 5, 0, 20, 0, 0, 0, 0, 6, 8, 1, 12, 25, 0, 123, 0, 3, 0, 26, 0, 0, 3, 0, 0, 0, 11, 0, 19, 7, 0, 0, 0]",no especificó
wonder,"[1, 0, 11, 0, 2, 1, 33, 0]",no especificó
Remy,[],no especificó
nymphomaniac,"[0, 0, 0]",no especificó
hard-boiled,"[0, 0, 0, 0, 0]",no especificó
non,"[602, 0]",no especificó
already,[27],no especificó
stranger,"[12, 9, 5, 7, 5, 7]",no especificó
chuckle,"[0, 0, 0]",no especificó
ravenous,"[0, 0, 0, 0, 0, 0, 0, 0, 0, 3]",no especificó
if,[],no especificó
hips,"[0, 0, 0, 3, 0, 0, 0, 0, 0]",no especificó
tired,"[0, 0, 6, 1, 0, 0, 1, 0, 0, 0, 0, 1, 0, 0, 7, 0, 2, 0, 0, 0, 2, 0, 7, 5, 0, 0, 0, 0, 36]",no especificó
philosophical,"[1, 0]",no especificó
earlier,"[17, 183, 10, 4, 3, 0, 0, 41, 123, 0, 4]",no especificó
saw,"[17, 0, 0, 0, 22, 13, 0, 1, 6, 38, 0, 0, 1, 0, 2, 7, 2, 0, 0, 0, 12, 49, 4, 0, 19, 0, 0, 8, 4, 0, 0, 0, 0, 11, 102, 0, 10, 3, 6, 0, 5, 1, 1, 0, 59, 59, 15, 0, 4, 1, 0, 20, 0, 3, 8, 7, 0, 4, 0, 55, 17]",no especificó
acceptance,"[5, 0, 0, 0, 0, 0, 0, 0]",no especificó
breakfast,[6],no especificó
coffee,"[10, 0, 0, 1, 0, 1, 0, 1, 0]",no especificó
sort,"[12, 2, 18, 0, 0, 0, 39, 1, 5, 0, 57, 10, 0]",no especificó
faim,[],no especificó
cork,"[0, 0, 0, 0, 0, 0, 0, 0]",no especificó
soldier,[3],no especificó
them,[],no especificó
had,"[0, 6, 6, 1, 113, 2, 2, 4, 6, 0, 49, 80, 111, 492, 0, 51, 0, 4, 1, 17, 18, 0, 123, 7, 0, 3, 51]",no especificó
before,"[17, 14, 123, 0]",no especificó
drawn,"[5, 0, 1, 14, 24, 5, 0, 5, 1, 0, 0, 113, 7, 9, 0, 0, 0, 0, 0, 6, 0, 0, 4, 43, 1, 0, 0, 0, 0, 0, 12, 123, 3, 4, 1, 3, 0, 4, 0, 0, 0, 2, 0, 0, 11, 0]",no especificó
snowing,"[0, 0, 0, 13, 0, 0]",no especificó
about,"[237, 0, 18, 0, 0, 0, 0, 0, 2, 85, 23, 104, 182, 66, 6, 0, 3]",no especificó
life,"[0, 14, 98, 0, 0, 0, 1, 0, 0, 33, 0, 1, 0, 0]",no especificó
how,[],no especificó
Panther,"[0, 0, 0, 0, 0, 0, 7, 0, 0, 0]",no especificó
women,"[0, 0, 0, 0, 0, 0, 0, 48]",no especificó
name,"[9, 21, 2, 31, 0, 0, 22, 4, 113, 0, 0, 25, 0, 6, 6, 1, 0, 0, 0, 0, 3, 3, 0]",no especificó
Um,[],no especificó
round,"[0, 1, 0, 0, 23, 0, 3, 0, 0, 0, 0, 37, 0, 0, 0, 0, 10, 0, 0, 0, 3, 0, 9, 1, 0, 0, 0, 0, 0, 5, 85, 0, 0, 0, 0]",no especificó
``,[],no especificó
Life,"[0, 14, 98, 0, 0, 0, 1, 0, 0, 33, 0, 1, 0, 0]",no especificó
frozen,"[0, 15, 0, 0, 0, 0, 6, 0, 1, 0, 7, 0, 0, 0, 0, 1, 0, 1, 1]",no especificó
red,"[0, 0, 0, 0, 1, 0, 0, 10, 0, 0, 5, 0, 1, 0, 5, 0, 0, 0, 0, 0, 0, 2, 0, 7, 4]",no especificó
He,"[486, 2, 0, 1039]",no especificó
dazzled,"[0, 0, 0, 0]",no especificó
Sometime,"[0, 1, 0, 10, 79, 0, 0]",no especificó
sober,"[0, 0, 4, 1, 1, 9, 8, 0, 1, 1]",no especificó
put,"[1, 19, 51, 4, 0, 29, 0, 3, 0, 0, 0, 72, 34, 0, 46, 5, 1]",no especificó
was,"[0, 26, 6, 0, 3, 722, 0, 12, 0, 0, 6, 21, 11, 1, 15]",no especificó
Rome,"[0, 0, 0, 5, 0]",no especificó
go,"[0, 0, 0, 3, 0, 1, 33, 11, 0, 0, 0, 127, 0, 37, 0, 0, 19, 0, 0, 19, 0, 90, 1, 0, 0, 6, 13, 0, 0, 6, 0, 0, 43, 0, 17, 0, 0, 0, 83, 5, 0, 0, 0, 3, 0, 20, 0, 0, 6, 8, 1, 12, 25, 0, 123, 0, 0, 26, 0, 0, 3, 0, 0, 0, 3, 11, 19, 1, 0, 2, 0, 0]",no especificó
As,"[0, 0, 0, 147, 828, 0, 0, 0, 0, 0, 69, 4, 0, 0, 0, 0, 0, 0, 0, 2793, 0, 0]",no especificó
rather,"[0, 23, 0, 3, 0, 40, 1, 28]",no especificó
sorry,"[31, 1, 0, 3, 0, 0, 1, 0, 0, 2, 5, 0, 13, 1, 0, 0, 0, 0, 0, 0, 0, 19, 0, 1]",no especificó
which,[],no especificó
glancing,"[0, 0, 3]",no especificó
French,"[6, 0, 0, 0]",no especificó
child,"[17, 1, 0, 0, 1, 0, 4, 0, 4, 0, 0, 17, 0]",no especificó
passed,"[3, 0, 1, 4, 0, 0, 0, 0, 0, 90, 0, 0, 0, 0, 12, 0, 0, 0, 0, 0, 0, 0, 0, 0, 0, 9, 0, 0, 0, 29, 43, 1, 0, 0, 0, 0, 11, 0, 0, 0, 2, 11, 0, 0, 20, 0, 0, 0, 0, 0, 0, 26, 13, 51, 0, 0, 0, 0, 50, 0, 0, 0, 0, 0, 5, 0, 0, 0, 3, 0, 0, 14, 20, 0, 0, 0, 0]",no especificó
unhappiness,"[1, 0]",no especificó
are,"[0, 26, 0, 479, 6, 0, 3, 722, 0, 12, 6, 21, 11, 1]",no especificó
machines,"[0, 0, 47, 7, 0, 8, 8]",no especificó
park,"[0, 4, 0, 0, 2, 20, 0, 0, 0, 0, 8]",no especificó
suppose,"[0, 65, 0, 0, 12, 0, 14, 0, 12, 0, 0, 0, 70, 0, 0]",no especificó
Non,"[602, 0]",no especificó
foolish,"[0, 0, 0, 0, 0, 0, 0, 2]",no especificó
pretty,"[6, 0, 19, 0, 3, 0, 0, 17]",no especificó
purse,"[0, 1, 0, 2, 1]",no especificó
falling,"[20, 0, 0, 2, 1, 4, 0, 0, 3, 1, 13, 1, 84, 12, 4, 0, 0, 0, 4, 0, 0, 47]",no especificó
woke,"[0, 0, 1, 5, 0, 4, 0, 0, 0, 2, 0, 0, 1]",no especificó
glad,"[0, 0, 4, 0, 19, 0]",no especificó
bed,"[0, 0, 13, 129, 0, 0, 0, 0, 0, 0, 0, 0, 3, 0, 0, 0, 1, 0, 0, 0, 0, 0, 8, 0, 0, 0, 0, 0, 0, 0, 1, 0, 12, 0, 0, 49, 0]",no especificó
hat,"[1, 0, 12]",no especificó
though,[56],no especificó
All,"[6, 2, 28, 24, 2, 13, 352]",no especificó
contented,"[0, 7]",no especificó
bottle,"[0, 6, 0, 0]",no especificó
better,"[0, 23, 0, 4, 8, 3, 0, 2, 24, 0, 8, 0, 0, 0, 1, 0, 0, 7, 1, 13, 8, 20, 9, 0, 25, 0, 0, 8, 115, 84, 0, 5, 0, 0, 5, 36, 0, 134, 1, 5, 1, 57, 2, 82, 0, 0, 3, 0]",no especificó
Ah,[],no especificó
sweet,"[0, 0, 0, 0, 2, 0, 0, 0, 0, 0, 0, 0, 0, 0, 1, 0, 0, 0, 0, 0, 0, 0, 0, 0, 5, 0, 0, 0, 4]",no especificó
next,"[47, 0, 0, 37, 20, 0]",no especificó
touching,"[2, 0, 2, 0, 3, 0, 0, 0, 5, 2, 0, 3, 19, 0, 0, 0, 0, 7, 12, 0, 3, 2, 1, 11, 11, 0, 1, 3, 0, 0, 3]",no especificó
My,[],no especificó
dive,"[2, 0, 0, 1, 0, 0, 0, 0, 2]",no especificó
know,"[0, 0, 0, 129, 2, 0, 0, 0, 0, 0, 0, 49, 3, 5, 1, 0, 0, 0, 0, 8, 0, 0, 0, 0, 26, 0, 0, 0, 12, 0, 49, 0]",no especificó
hole,"[0, 0, 0, 0, 1, 9, 1, 0, 0, 6, 0, 0, 0, 0, 0]",no especificó
talked,"[0, 0, 0, 4, 0, 14, 0, 0, 14, 1, 2, 0, 0, 0, 26, 0, 0]",no especificó
brushed,"[0, 0, 3, 0, 9]",no especificó
crocked,"[0, 0, 5, 0, 0, 0, 0, 9, 0, 2, 1, 0, 0, 1, 0, 0, 0, 3, 0, 0, 0, 2]",no especificó
derriere,"[1, 3, 7, 13, 4, 0, 0, 0, 0, 0, 0, 0, 0, 0, 0, 1, 0, 3, 0, 38, 0, 12, 0, 0, 0, 0, 1, 235]",no especificó
Elysees,[],no especificó
by,"[497, 7, 39, 40]",no especificó
waxed,"[0, 4, 10, 0, 0, 24]",no especificó
only,"[115, 1, 3, 13, 0, 0, 0, 3, 409, 3, 211, 17, 11, 25, 4]",no especificó
raised,"[0, 0, 3, 16, 0, 0, 7, 0, 29, 0, 2, 0, 0, 0, 0, 0, 2, 12, 0, 3, 0, 48, 1, 1, 0, 14, 0, 0, 0, 0, 3, 0, 1, 8, 0, 0, 2, 0, 1, 0, 0, 0, 0, 1]",no especificó
bellyfull,[],no especificó
feel,"[14, 23, 6, 40, 37, 6, 0, 0, 55, 0, 8, 49, 2, 59]",no especificó
self-confident,"[0, 0]",no especificó
It,"[0, 0]",no especificó
Claire,[],no especificó
Stephen,"[0, 0]",no especificó
uniform,"[0, 6, 2, 1]",no especificó
all,"[6, 2, 28, 24, 2, 13, 352]",no especificó
still,"[35, 0, 0, 0, 0, 0, 2, 0, 0, 6, 0, 0, 0, 0, 115, 12, 6, 0, 0, 0, 3, 0, 4, 1, 0, 0, 103, 0, 6, 0, 47, 9, 2, 11, 1, 3, 0, 2]",no especificó
blonde,"[0, 4, 1]",no especificó
help,"[7, 41, 1, 3, 0, 0, 0, 3, 0, 9, 19, 1]",no especificó
mind,"[0, 0, 31, 50, 14, 73, 1, 0, 0, 5, 0, 0, 4, 0, 0, 0]",no especificó
yokel,"[0, 0, 0, 0, 0, 0, 0]",no especificó
light,"[20, 0, 0, 0, 0, 3, 28, 0, 0, 0, 3, 0, 0, 0, 18, 0, 0, 0, 0, 0, 0, 8, 0, 1, 1, 0, 0, 0, 0, 0, 26, 0, 0, 16, 3, 0, 1, 0, 0, 4, 0, 0, 0, 0, 0, 2, 0, 0, 0, 0, 0, 2, 0, 0, 0, 0, 0, 47, 0, 0, 0]",no especificó
stared,"[2, 1, 0, 3]",no especificó
place,"[0, 16, 0, 10, 16, 17, 4, 0, 4, 14, 0, 6, 0, 0, 19, 51, 0, 43, 0, 1, 54, 34, 2, 37, 43, 10, 2, 1, 3, 29, 3, 46, 1, 12, 7, 21, 72, 0, 12, 7, 0, 0, 1]",no especificó
would,[],no especificó
:,[],no especificó
made,"[0, 0, 5, 0, 1, 1, 31, 16, 0, 0, 0, 0, 4, 127, 1, 113, 0, 9, 0, 0, 0, 4, 6, 0, 21, 0, 1, 80, 9, 0, 8, 26, 492, 9, 51, 0, 0, 0, 0, 39, 0, 1, 1, 18, 17, 0, 0, 0, 123, 11, 0, 163, 21, 3, 0, 0, 0, 0, 0, 0, 0, 0, 0, 0, 0, 117, 0, 0]",no especificó
Champs,"[0, 0, 0, 1]",no especificó
thinking,"[12, 0, 31, 37, 0, 0, 0, 0, 4, 0, 0, 12, 10, 5, 2, 0, 67, 65, 0, 0, 14, 0, 0, 5, 15, 15, 0]",no especificó
got,"[6, 0, 0, 0, 1, 18, 0, 3, 11, 33, 16, 0, 0, 23, 0, 21, 0, 12, 3, 0, 0, 0, 113, 0, 9, 8, 0, 90, 0, 0, 2, 12, 0, 0, 0, 49, 6, 80, 1, 0, 4, 0, 0, 0, 492, 3, 0, 84, 0, 1, 2, 18, 0, 0, 0, 0, 123, 7, 0, 1, 2, 0, 19, 0, 55, 19, 3, 0, 5, 51]",no especificó
fog,"[6, 0, 1, 3, 0, 0, 0, 3, 0, 0, 0, 0, 2]",no especificó
cared,"[21, 20, 0, 176, 17, 10, 3, 8]",no especificó
hungry,"[3, 0, 0]",no especificó
Why,"[0, 40]",no especificó
poise,"[0, 0, 1, 0, 4, 26, 3]",no especificó
beat,"[6, 0, 1, 0, 0, 23, 0, 3, 27, 1, 0, 1, 0, 0, 0, 0, 0, 0, 0, 0, 0, 0, 2, 0, 0, 0, 0, 0, 6, 1, 3, 0, 0, 0, 0, 0, 2, 8, 0, 0, 7, 0, 0, 0, 123, 0, 0, 0, 0, 0, 0, 6, 0, 0, 0, 0, 0, 0]",no especificó
turning,"[1, 33, 0, 12, 127, 37, 4, 0, 0, 0, 7, 4, 0, 3, 12, 0, 0, 0, 0, 0, 0, 0, 0, 0]",no especificó
smiled,[4],no especificó
out,"[309, 0, 0, 4, 0, 40, 0, 0, 0, 0, 0, 0, 1, 0, 2]",no especificó
crumble,"[0, 0, 3, 0, 0, 0, 0, 0]",no especificó
eating,"[0, 1, 0, 1, 0, 8, 0, 0, 5, 0, 1, 0, 0, 6]",no especificó
waiting,"[0, 0, 17, 10, 0, 15, 0, 0, 59]",no especificó
binge,"[0, 0, 0, 0, 1, 1, 0, 5, 0, 3, 0, 0, 0, 0, 0, 0, 0, 0, 0, 0, 0]",no especificó
tousled,"[0, 0, 0, 0, 0, 0, 0, 0]",no especificó
chuckled,"[0, 0, 0]",no especificó
high,"[0, 0, 0, 0, 0, 61, 0, 2, 2, 2, 0, 0, 1, 0, 0, 0]",no especificó
kicks,"[0, 2, 2, 0, 3, 1, 0, 2, 0, 0, 0, 8, 1, 1, 0, 0, 7, 0, 1, 1]",no especificó
In,"[0, 0, 1, 0, 152, 0, 2, 3, 0, 2255]",no especificó
has,"[0, 6, 6, 1, 113, 2, 0, 2, 4, 6, 0, 49, 80, 111, 492, 0, 51, 0, 0, 4, 1, 17, 18, 0, 123, 7, 0, 3, 51]",no especificó
handle,"[21, 4, 20, 8, 6, 3, 17, 0, 4, 10, 0, 3, 1, 0]",no especificó
circle,"[4, 0, 12, 3, 0, 0, 0, 0, 0, 3, 10, 0, 3, 0, 0, 46, 0, 0, 0, 0]",no especificó
make-up,"[1, 0, 6, 1, 0, 0]",no especificó
clear,"[0, 0, 5, 0, 0, 0, 0, 0, 0, 0, 2, 0, 0, 113, 18, 0, 0, 0, 0, 0, 0, 38, 0, 29, 0, 0, 8, 26, 0, 0, 14, 0, 0, 0, 2, 1, 12, 0, 2, 3, 0, 0, 0, 0, 0, 0, 0, 0, 47, 1, 0, 0, 0, 0]",no especificó
Monsieur,[0],no especificó
off,"[0, 21, 9, 102, 40, 1, 2, 54, 0, 0, 1, 0, 7]",no especificó
why,"[0, 40]",no especificó
cup,"[0, 1, 0, 0]",no especificó
humorous,"[7, 0]",no especificó
cafe,"[0, 0, 0, 0]",no especificó
recent,"[30, 1, 0, 15, 0, 0]",no especificó
Nuit,[],no especificó
dignity,"[0, 0, 6, 0, 0, 0]",no especificó
is,"[0, 26, 6, 0, 3, 722, 0, 12, 6, 21, 11, 1]",no especificó
see,"[17, 0, 0, 0, 22, 13, 0, 1, 6, 38, 0, 0, 1, 0, 2, 7, 2, 0, 12, 49, 4, 0, 19, 0, 0, 8, 4, 0, 0, 0, 11, 102, 0, 10, 3, 6, 0, 5, 59, 0, 15, 0, 4, 1, 0, 20, 0, 3, 8, 7, 0, 4, 0, 55, 17]",no especificó
Martin,"[0, 0, 0, 1, 0, 0, 0]",no especificó
very,"[40, 1, 33, 5, 81, 0]",no especificó
of,[],no especificó
alone,"[1, 3, 0, 2, 3, 10, 0, 0, 3, 211, 17, 0, 13, 11]",no especificó
Paris,"[0, 0, 0, 3, 0]",no especificó
new,"[92, 12, 5, 0, 3, 1, 4, 4, 38, 36, 0]",no especificó
live,"[0, 0, 16, 129, 12, 6, 4, 0, 90, 722, 0, 49, 0, 83, 5, 0, 0, 0, 26, 0, 2, 1, 0]",no especificó
hand,"[0, 50, 0, 1, 0, 20, 0, 0, 51, 0, 0, 12, 0, 1, 11, 0]",no especificó
paid,"[0, 0, 0, 8, 51, 0, 0, 0, 3, 2, 6, 6, 19, 0]",no especificó
men,"[0, 8, 1, 49, 11, 0, 0, 6, 0, 0, 0, 0, 11, 51, 0, 0, 0, 0, 0, 96, 0, 63, 173, 0, 4, 7, 0]",no especificó
good,"[0, 4, 23, 0, 8, 3, 0, 24, 2, 0, 7, 0, 0, 7, 1, 8, 1, 0, 9, 25, 0, 8, 115, 0, 84, 0, 5, 0, 0, 134, 1, 5, 1, 82, 2, 3, 0]",no especificó
de,"[0, 2, 0, 0]",no especificó
lots,"[0, 1, 0, 20, 0, 0, 0, 0, 2, 0, 0, 1, 12, 0, 0, 0, 0, 13, 0, 1, 3, 0, 111, 9, 0, 0, 0, 0, 12, 0, 2, 0, 10, 0, 8, 1, 4, 0, 0, 0, 0, 0, 0, 0, 0, 18, 0, 0, 1, 46, 1, 0, 3, 0, 4, 0, 3, 0, 0, 0, 1, 3, 10, 0, 0, 0, 11, 0, 0, 4]",no especificó
want,"[6, 16, 2, 0, 10, 1, 51, 0, 17, 0, 54]",no especificó
adding,"[4, 0, 22, 1, 3, 2, 9, 18, 0, 5, 0, 0, 0, 1, 0, 0, 1, 1]",no especificó
returned,"[20, 0, 1, 0, 0, 0, 0, 0, 0, 0, 0, 0, 2, 1, 0, 0, 0, 13, 51, 0, 0, 5, 12, 0, 6]",no especificó
events,"[0, 16, 27, 6, 27, 5, 35, 8]",no especificó
like,"[21, 88, 0, 176, 1, 17, 0, 0, 2, 5, 15]",no especificó
A,"[0, 0, 0, 0, 0, 0, 0, 147, 2793, 0, 0, 0, 0]",no especificó
sorted,"[12, 2, 18, 0, 0, 0, 1, 0, 5, 1, 0]",no especificó
happier,"[0, 19, 1, 4]",no especificó
urgency,"[0, 0, 0]",no especificó
I'd,[],no especificó
April,"[1, 0]",no especificó
her,[],no especificó
table,"[0, 0, 0, 0, 0, 0, 0, 26, 0, 0, 15, 0, 0, 0, 0, 0]",no especificó
understood,"[17, 8, 21, 0, 0, 6, 4, 2, 0, 0, 102, 12, 1, 0, 0]",no especificó
much,"[111, 0, 47, 0, 0, 6, 11, 0]",no especificó
magnum,[0],no especificó
white,"[0, 2, 0, 1, 0, 0, 0, 0, 0, 18, 0, 0, 1, 36, 0, 0, 0, 0, 0, 0, 0, 1, 0, 0, 0, 0, 0, 0, 0, 0, 0, 2, 0, 0, 0]",no especificó
the,[],no especificó
deeply,"[7, 15, 2]",no especificó
cabaret,"[0, 0, 0, 11, 0, 0, 0]",no especificó
winter,"[4, 0, 1]",no especificó
getting,"[6, 0, 0, 0, 1, 1, 18, 3, 0, 11, 33, 16, 0, 0, 23, 0, 21, 0, 12, 3, 0, 0, 0, 113, 0, 9, 8, 0, 90, 0, 0, 2, 12, 0, 0, 0, 49, 6, 80, 1, 0, 4, 0, 18, 0, 492, 0, 3, 0, 84, 0, 1, 2, 18, 0, 0, 0, 0, 123, 7, 0, 1, 2, 0, 19, 0, 55, 19, 3, 0, 5, 51]",no especificó
fast,"[0, 0, 19, 0, 0, 0, 0, 5, 0, 0, 5, 0, 0, 0, 11, 9, 1]",no especificó
ought,[],no especificó
deep,"[9, 0, 4, 7, 0, 3, 0, 0, 0, 0, 15, 0, 0, 30, 13]",no especificó
The,[],no especificó
Then,"[0, 177, 228, 0]",no especificó
food,"[0, 0, 1, 13, 0]",no especificó
more,"[271, 0, 0, 0, 7, 0]",no especificó
right,"[0, 8, 10, 0, 1, 0, 0, 0, 3, 0, 4, 9, 3, 0, 2, 0, 0, 84, 0, 4, 0, 134, 0, 0, 0, 3, 0, 0]",no especificó
read,"[17, 19, 21, 80, 1, 1, 4, 2, 44, 24, 70, 4]",no especificó
face,"[1, 0, 0, 36, 0, 14, 5, 0, 0, 61, 0, 8, 0, 35, 59, 62, 0, 41, 3, 0]",no especificó
what,[],no especificó
Capricorn,"[0, 0, 0, 0]",no especificó
Rhine-Main,[],no especificó
around,"[237, 0, 0, 0, 0, 2, 85, 3, 182, 6]",no especificó
he,"[486, 2, 0, 1039]",no especificó
drank,"[0, 0, 0, 0, 1, 15, 0, 0, 0, 0]",no especificó
can,"[1, 0, 0, 1, 3, 7, 13, 0, 4, 0, 0, 0, 0, 0, 1, 0, 3, 29, 0, 0, 0, 0, 0, 0, 0, 0, 0, 0, 0, 0, 0, 0, 4, 1, 0, 3, 0, 0, 0, 0, 0, 0, 38, 0, 12, 0, 0, 0, 0, 0, 1, 235, 0, 1, 0]",no especificó
This,[],no especificó
bill,"[0, 8, 1, 0, 0, 0, 0, 13, 0, 0, 0, 0, 0, 1, 0, 0, 0, 0, 0, 8, 0, 0, 0, 8, 9, 0, 0, 0, 0, 0, 0, 4, 0, 0]",no especificó
wonderful,"[1, 1, 3, 1, 1, 1, 12, 6, 4, 0]",no especificó
anyway,"[0, 3, 0, 0, 6, 0]",no especificó
went,"[0, 0, 0, 3, 0, 1, 33, 0, 0, 127, 0, 0, 0, 0, 0, 19, 0, 90, 1, 0, 0, 6, 13, 0, 6, 43, 17, 0, 83, 5, 0, 20, 0, 0, 0, 0, 6, 8, 1, 25, 12, 0, 123, 0, 0, 26, 0, 0, 3, 0, 0, 0, 11, 19, 0, 0, 0]",no especificó
",",[],no especificó
),[],no especificó
I'm,[],no especificó
No,"[50, 0, 0, 266, 0]",no especificó
And,[],no especificó
It's,[],no especificó
rushed,"[0, 1, 0, 4, 0, 4, 0, 14, 0, 0, 0, 0, 1, 0, 30, 0, 0, 0]",no especificó
handsome,"[0, 0, 13, 0, 53, 7, 0, 2, 0, 0, 0, 0, 0, 0]",no especificó
Allons,[],no especificó
it,"[0, 0]",no especificó
taste,"[0, 0, 22, 0, 1, 7, 0, 0, 1, 0, 0, 0, 0, 0, 0, 0, 0, 0, 1, 0, 0, 4]",no especificó
among,[],no especificó
Cancer,"[0, 0, 0, 0, 0, 0]",no especificó
make,"[0, 0, 5, 0, 1, 1, 31, 16, 0, 0, 0, 0, 4, 127, 1, 113, 0, 9, 0, 0, 0, 4, 6, 0, 21, 0, 1, 80, 9, 0, 0, 8, 26, 492, 9, 51, 0, 0, 0, 0, 39, 0, 1, 1, 18, 17, 0, 0, 2, 0, 123, 11, 0, 163, 21, 3, 0, 0, 0, 0, 0, 0, 0, 0, 0, 0, 0, 0, 0, 0]",no especificó
dozed,"[0, 0, 0]",no especificó
sat,"[0, 9, 12, 10, 0, 8, 0, 1, 0, 0, 0, 2]",no especificó
eyes,"[15, 0, 0, 70, 23, 0, 0, 20, 11]",no especificó
known,"[0, 0, 0, 129, 2, 0, 0, 0, 0, 0, 0, 49, 24, 3, 5, 1, 0, 0, 0, 0, 8, 0, 0, 0, 0, 26, 0, 0, 0, 12, 0, 49, 0]",no especificó
sent,"[10, 16, 1, 0, 0, 14, 0, 10, 2, 8, 26, 0, 0, 7, 0, 0, 0, 72, 17, 1]",no especificó
Suzanne,[],no especificó
dim,"[0, 7, 0, 0, 3, 1, 1, 0, 0, 1, 0, 1, 0, 0, 5, 21, 0, 2]",no especificó
later,"[3, 11, 0, 30, 1, 10, 4, 15, 89, 0, 0, 1, 0, 33, 0]",no especificó
knew,"[0, 0, 0, 129, 2, 0, 0, 0, 0, 0, 0, 49, 3, 5, 1, 0, 0, 0, 0, 8, 0, 0, 0, 0, 26, 0, 0, 0, 12, 0, 49, 0]",no especificó
Wild,"[0, 0, 0, 0, 0, 0, 0, 0, 0, 0, 5, 10, 0, 0, 0, 7, 0, 0, 9, 2, 0, 1, 0, 1, 0, 3, 0, 1, 0, 0]",no especificó
swim,"[0, 13, 0, 4]",no especificó
with,[],no especificó
have,"[0, 0, 6, 6, 1, 113, 2, 0, 2, 4, 6, 0, 49, 80, 111, 492, 0, 51, 0, 4, 1, 17, 18, 0, 123, 7, 0, 3, 51]",no especificó
course,"[43, 0, 74, 2, 12, 4, 0, 9, 24, 0, 39, 2, 0, 4, 4, 12, 6]",no especificó
steely,[0],no especificó
estimate,"[9, 0, 12, 1, 3, 0, 4, 0, 0, 0, 1, 22, 31, 0]",no especificó
a,"[0, 0, 0, 0, 0, 0, 0, 147, 2793, 0, 0, 0, 0]",no especificó
then,"[0, 177, 228, 0]",no especificó
pulled,"[14, 0, 0, 0, 0, 0, 7, 9, 0, 3, 0, 0, 0, 4, 1, 0, 0, 0, 0, 0, 0, 0, 0, 1]",no especificó
speaking,"[0, 0, 0, 5, 14, 0, 14, 6, 2, 0, 0, 26]",no especificó
so,"[12, 228, 0, 0, 22, 0, 17, 0, 177, 0, 3, 0]",no especificó
best,"[0, 0, 23, 0, 4, 8, 0, 3, 0, 2, 24, 0, 0, 1, 0, 0, 7, 1, 1, 0, 8, 20, 0, 9, 25, 0, 8, 115, 84, 0, 0, 5, 0, 0, 0, 0, 5, 36, 134, 1, 5, 1, 82, 2, 0, 57, 3, 0]",no especificó
showed,"[0, 1, 0, 6, 1, 7, 1, 36, 1, 1, 19, 37, 0, 7, 0, 0, 8, 3, 21, 20, 0, 44, 3, 15]",no especificó
exclaimed,"[0, 0, 4, 0, 0, 2, 0, 1]",no especificó
les,"[0, 0]",no especificó
folded,"[0, 27, 0, 0, 2, 0, 0, 0]",no especificó
idea,"[67, 1, 0, 50, 3, 7, 0, 31, 0]",no especificó
late,"[11, 8, 0, 30, 1, 10, 15, 15, 2, 0, 0, 1, 0, 33]",no especificó
tourist,"[0, 0, 0]",no especificó
Tuesday,"[0, 6]",no especificó
picked,"[9, 0, 18, 0, 0, 8, 0, 0, 0, 5, 11, 0, 0]",no especificó
little,"[0, 0, 1, 3, 0, 0, 67, 0, 28, 99, 0, 0, 0, 3]",no especificó
nine,"[0, 3, 0, 0, 0, 0, 11, 0, 8, 0, 0]",no especificó
didn't,[],no especificó
bathroom,"[0, 0, 0, 0, 0, 235, 4, 3]",no especificó
directly,"[1, 10, 12, 16, 0, 0, 3, 16, 0, 0, 12, 0, 129]",no especificó
me,"[0, 0, 0]",no especificó
even,"[47, 14, 115, 0, 0, 8, 0, 1, 1, 10, 14, 103]",no especificó
carrying,"[0, 9, 0, 0, 6, 4, 0, 0, 2, 15, 0, 0, 0, 1, 80, 3, 0, 0, 43, 7, 0, 1, 17, 1, 0, 7, 36, 2]",no especificó
be,"[0, 26, 0, 0, 6, 0, 3, 722, 0, 21, 0, 12, 6, 4, 11, 1]",no especificó
head,"[0, 0, 12, 4, 16, 0, 5, 0, 0, 0, 0, 1, 0, 0, 0, 73, 0, 0, 37, 0, 0, 0, 0, 20, 0, 0, 0, 12, 0, 33, 7, 50, 14, 0, 0, 0, 0, 0, 1]",no especificó
;,[],no especificó
taking,"[6, 6, 1, 20, 22, 1, 4, 18, 0, 16, 5, 9, 11, 4, 4, 5, 6, 54, 3, 0, 0, 3, 0, 7, 113, 5, 5, 0, 14, 7, 2, 0, 2, 9, 0, 24, 0, 1, 0, 18, 0, 80, 4, 0, 2, 1, 492, 1, 0, 20, 5, 0, 3, 1, 17, 10, 0, 123, 1, 3, 0, 1, 21, 0, 10, 0, 0, 5, 7, 0]",no especificó
along,"[839, 37]",no especificó
!,[],no especificó
walking,"[8, 0, 17, 0]",no especificó
pink,"[0, 1, 0, 6, 0, 0, 2, 0]",no especificó
girl,"[0, 51, 0, 0, 0, 0, 4, 0, 0, 3, 0]",no especificó
snow,"[0, 6, 0, 0, 1, 0, 0, 1, 0, 13, 0, 0, 0, 0, 0]",no especificó
after,"[3, 0, 89, 0, 0, 33]",no especificó
hazy,"[0, 0, 1, 0, 0, 0, 0, 0, 0]",no especificó
toothbrush,"[0, 0]",no especificó
I,"[3, 0, 0, 1, 0, 24, 5, 0, 786, 321, 29]",no especificó
Montmartre,[0],no especificó
cynicism,[0],no especificó
hunger,"[1, 0, 0, 1, 1, 1, 0, 0]",no especificó
itself,[],no especificó
eggs,"[2, 0, 0, 0, 1, 1, 1, 10, 0]",no especificó
few,[71],no especificó
melancholy,"[4, 1, 0, 0, 1]",no especificó
pocketful,[0],no especificó
imagine,"[0, 0, 65, 12, 0, 14, 12, 0, 0]",no especificó
Without,[],no especificó
Madame,[0],no especificó
melted,"[43, 0, 0, 1, 1, 0, 2, 1, 0, 0, 0, 0, 0, 0, 0, 0, 0]",no especificó
vital,"[0, 5, 2, 0, 4]",no especificó
suck,"[2, 0, 1, 2, 0, 6, 9, 0, 0, 0, 0, 0, 0, 0, 0, 0, 0, 0, 0, 0, 0]",no especificó
glamorous,"[0, 0]",no especificó
mouthpiece,"[14, 1, 0, 0]",no especificó
called,"[12, 0, 1, 0, 31, 10, 2, 0, 0, 0, 25, 6, 1, 2, 0, 0, 0, 4, 0, 0, 11, 8, 9, 4, 5, 0]",no especificó
thirty,"[5, 0, 7, 0]",no especificó
same,"[0, 88, 3, 176, 0, 0, 0, 0]",no especificó
windows,"[13, 0, 0]",no especificó
d'Eiffel,[],no especificó
grunted,[1],no especificó
.,[],no especificó
wet,"[0, 0, 5, 0, 0, 0, 0, 9, 0, 2, 1, 0, 0, 1, 0, 0, 0, 3, 0, 0, 1, 0, 2]",no especificó
any,"[0, 14, 168]",no especificó
in,"[0, 0, 1, 0, 152, 0, 2, 3, 0, 2255]",no especificó
230,[],no especificó
wasn't,[],no especificó
surprised,"[13, 6, 4]",no especificó
on,"[839, 37]",no especificó
cups,"[0, 1, 0, 0]",no especificó
unhappy,"[0, 0, 0, 0]",no especificó
Not,"[602, 0]",no especificó
Bugatti,[],no especificó
she,[],no especificó
side,"[61, 1, 14, 62, 5, 19, 0]",no especificó
part,"[16, 0, 7, 6, 6, 0, 11, 5, 17, 12, 0, 3, 0, 0, 0, 0, 6, 30, 13, 0, 3, 1, 4, 1, 0, 0, 47, 0, 0, 5, 4, 1, 0, 19, 12, 9]",no especificó
soberly,"[1, 0, 0]",no especificó
Farina,[0],no especificó
stuck,"[0, 0, 1, 0, 3, 23, 1, 0, 0, 0, 0, 0, 0, 0, 6, 1, 16, 0, 0, 0, 1, 1, 4, 0, 0, 123, 0, 0, 1, 0, 0, 0, 0, 0]",no especificó
comfortable,"[16, 1, 5, 0, 1, 0, 0, 0, 0]",no especificó
jour,[],no especificó
There,"[0, 276, 0, 0, 0, 0]",no especificó
orbit,"[1, 4, 0, 1, 0, 21, 1, 0, 0, 32, 34, 0, 0, 0, 0, 11, 0, 0]",no especificó
rested,"[2, 16, 13, 1, 1, 0, 2, 0, 8, 1, 0, 0, 16]",no especificó
hair,"[0, 0, 0, 0, 27, 0, 0, 0]",no especificó
woman,"[0, 0, 0, 0, 0, 0, 0, 48]",no especificó
straight,"[1, 0, 0, 4, 10, 24, 16, 0, 8, 12, 0, 0, 0, 16, 0, 0, 1]",no especificó
now,"[1, 12, 0, 28, 2, 0, 0, 3, 0, 0, 12, 0, 129]",no especificó
came,"[3, 20, 3, 11, 22, 0, 0, 3, 42, 12, 0, 0, 84, 1, 0, 0, 123, 163, 0, 0]",no especificó
just,"[115, 13, 0, 7, 25, 15, 134, 4, 5, 409, 1, 211, 4, 11, 1, 11]",no especificó
asked,"[6, 0, 0, 14, 22, 0, 15, 1, 0, 5, 54, 80]",no especificó
presenting,"[6, 0, 0, 36, 2, 2, 6, 0, 6, 0, 0, 51, 0, 5, 62, 44, 3, 11, 3, 0]",no especificó
really,"[40, 1, 33, 0, 11, 8, 81, 0]",no especificó
body,"[50, 1, 0, 0, 0, 0, 2, 0, 3, 0, 0]",no especificó
flakes,"[0, 0, 0, 7, 0, 0, 0, 0, 0, 0, 24, 0, 0]",no especificó
without,[],no especificó
coachwork,[],no especificó
rime,"[0, 0, 0, 0, 0]",no especificó
money,[36],no especificó
well,"[0, 2, 0, 1, 5, 4, 134, 82, 0, 20, 1]",no especificó
Jour,[],no especificó
Toward,[],no especificó
word,"[0, 0, 0, 4, 2, 2, 7, 1, 0, 3, 1, 0, 1, 0, 11, 0, 0, 0, 4, 0, 0, 0, 1, 0, 37, 4]",no especificó
love,"[2, 0, 0, 0, 129, 0, 0, 0, 0, 0, 4, 0, 0, 0, 0, 3, 1, 0, 1, 0, 0, 3, 0, 0, 8, 0, 0, 0, 8, 0, 0, 0, 0, 12, 49, 0]",no especificó
lug,"[5, 0, 15, 0, 0, 0, 0, 1, 0, 0, 1]",no especificó
under,"[0, 10, 71]",no especificó
person,"[19, 7, 4, 4, 14, 28]",no especificó
So,"[12, 228, 0, 0, 22, 0, 17, 0, 177, 0, 3, 0]",no especificó
bottom,"[1, 13, 3, 7, 4, 0, 0, 0, 0, 0, 0, 0, 0, 0, 0, 0, 0, 0, 0, 0, 1, 0, 3, 0, 1, 0, 0, 38, 0, 0, 12, 0, 0, 12, 0, 0, 1, 235]",no especificó
short,"[0, 0, 1, 28, 99, 27, 8, 2, 6, 0, 0, 4, 0, 0, 0, 0, 2, 0, 0, 0, 0, 20, 47, 0]",no especificó
drunker,"[5, 0, 0]",no especificó
weather,"[0, 0, 0, 0, 0, 15, 8, 2]",no especificó
aloud,"[2, 2, 2, 0]",no especificó
Monday,"[0, 5]",no especificó
over,"[6, 0, 22, 0, 1, 0, 163]",no especificó
et,[],no especificó
to,[],no especificó
Hardly,"[115, 7, 1, 4, 11]",no especificó
ears,"[0, 0, 3, 0, 0]",no especificó
sure,"[0, 0, 0, 9, 42, 42, 0, 0, 2, 16]",no especificó
evening,"[14, 115, 0, 0, 1, 1, 14]",no especificó
wisdom,"[1, 0, 0, 0, 8, 0]",no especificó
Is,"[0, 26, 6, 0, 3, 722, 0, 12, 6, 21, 11, 1]",no especificó
silent,"[6, 1, 0, 1, 12, 0, 0, 0, 103]",no especificó
wolf,"[0, 1, 0, 0, 0, 0, 0, 1, 1, 2, 0, 0]",no especificó
into,[],no especificó
hour,"[0, 0, 5, 0, 15]",no especificó
woman's,[],no especificó
yielding-Mediterranian-woman-,[],no especificó
sadly,"[0, 2, 0, 0, 2]",no especificó
Shall,[],no especificó
washing,"[0, 0, 0, 1, 0, 0, 3, 3, 0, 0, 0, 0, 0, 0]",no especificó
absolute,"[2, 3, 0, 1, 0, 0, 0, 0]",no especificó
bleak,"[0, 2, 5, 3, 0, 1, 4, 21, 2]",no especificó
dangerously,"[0, 0, 0]",no especificó
yours,[],no especificó
Swallow,"[0, 0, 1, 0, 0, 0, 0, 15, 0, 2, 0, 6, 0, 1]",no especificó
armor,"[0, 1]",no especificó
propriety,"[0, 0, 2]",no especificó
silly,"[0, 0, 0, 0, 0, 0, 0, 0, 1, 0, 0, 4, 1, 0, 1, 1, 3, 0, 0]",no especificó
sex,"[0, 37, 0, 1, 0, 0, 0, 0, 0, 4, 0]",no especificó
shaved,"[0, 0, 3, 1, 18, 0]",no especificó
sit,"[0, 9, 12, 10, 8, 1, 0, 0, 0]",no especificó
morning,"[0, 0, 0, 0, 0, 0, 0, 0, 0, 0, 23, 0, 2, 0, 0, 0]",no especificó
turned,"[1, 33, 0, 127, 37, 4, 0, 0, 0, 7, 4, 0, 3, 12, 0, 102, 0, 0, 0, 0, 0, 0, 54, 0, 0]",no especificó
cold,"[1, 1, 0, 4, 15, 0, 0, 0, 0, 0, 0, 0, 0]",no especificó
myself,[],no especificó
but,"[115, 409, 211, 25, 11]",no especificó
hotel,[5],no especificó
downstairs,"[2, 0, 0, 10, 0]",no especificó
finished,"[0, 0, 10, 0, 18, 3, 0, 0, 0, 51, 22, 2, 0, 0, 0]",no especificó
mistake,"[6, 0, 0, 0, 3, 0, 4, 2]",no especificó
instead,"[0, 0, 23, 40]",no especificó
Arc,"[1, 3, 0, 0, 0, 0, 2, 3]",no especificó
carry,"[0, 9, 0, 0, 6, 4, 0, 0, 2, 15, 0, 0, 0, 1, 80, 3, 0, 0, 43, 7, 0, 1, 17, 1, 0, 7, 36, 2]",no especificó
old,"[0, 11, 1, 0, 10, 0, 9, 79, 0, 0, 0, 0, 10]",no especificó
many,[94],no especificó
brought,"[0, 1, 0, 0, 4, 1, 32, 18, 9, 0, 0, 1, 127, 123, 80, 23, 1]",no especificó
caresses,"[0, 0]",no especificó
sad,"[0, 5, 0, 1, 3, 0]",no especificó
poor,"[1, 3, 2, 0, 6, 28, 0, 0, 0, 0, 8, 0]",no especificó
subject,"[5, 7, 0, 29, 1, 0, 25, 2, 16, 24, 38, 34, 0, 0, 5, 35, 0, 0, 7, 8, 7, 1]",no especificó
that,[],no especificó
second,"[0, 1, 0, 0, 40, 0, 5, 13, 0, 45, 0, 24, 0, 0, 1, 0, 1, 162, 0, 0, 0]",no especificó
gave,"[4, 1, 0, 1, 36, 0, 6, 113, 1, 38, 6, 1, 13, 6, 32, 492, 13, 0, 51, 0, 7, 3, 10, 17, 0, 12, 0, 0, 19, 11, 0, 50, 3, 0, 3, 0, 0, 2, 6, 0, 1]",no especificó
garlic,"[0, 0, 0]",no especificó
unusual,"[9, 12]",no especificó
shocked,"[0, 0, 0, 3, 23, 2, 1, 0, 0, 0, 7, 0, 0, 0, 0, 0, 0]",no especificó
fixed,"[4, 2, 0, 1, 3, 0, 6, 2, 0, 113, 1, 7, 0, 4, 0, 7, 21, 0, 0, 0, 0, 1, 0, 0, 0, 46, 0, 2, 123, 0, 0, 0, 0, 0, 0, 0, 0]",no especificó
What,[],no especificó
our,[],no especificó
When,[],no especificó
snowy,"[0, 0, 36, 0, 0]",no especificó
blue,"[0, 31, 20, 0, 1, 0, 0, 0, 0, 0, 0, 0, 0, 0, 0, 1, 1, 0, 0, 0, 0, 2, 0, 5, 0, 0, 13, 0, 0, 0, 0, 0, 0, 0, 0, 0, 1, 0, 0, 146, 0, 0, 3, 0, 0, 1, 0]",no especificó
thirty-five,"[0, 2, 0]",no especificó
immense,"[0, 7, 0, 2]",no especificó
Metro,"[2, 1, 0, 0, 2]",no especificó
soothed,"[0, 1, 0, 12]",no especificó
sommelier,"[0, 0, 0]",no especificó
air,"[0, 0, 2, 10, 24, 0, 0, 0, 0, 5, 0, 2, 0, 2, 0, 0, 1, 26, 0, 2, 0, 0, 0, 0, 2, 13]",no especificó
trying,"[1, 7, 22, 0, 1, 0, 7, 9, 2, 0, 4, 0, 18, 1, 0, 8, 29, 3, 12, 15, 0, 0]",no especificó
another,"[61, 0]",no especificó
infinite,"[0, 0, 43, 0, 0, 2, 2, 0, 0, 0, 0, 1, 0]",no especificó
kiss,"[0, 0, 1, 0, 0, 0]",no especificó
some,"[237, 0, 0, 0, 0, 2, 85, 182, 6]",no especificó
drained,"[0, 0, 0, 2, 27, 0, 0]",no especificó
day,"[0, 1, 0, 0, 0, 0, 1, 0, 56, 7, 0, 0]",no especificó
Louvre,"[0, 0, 0, 0, 1]",no especificó
hadn't,[],no especificó
filled,"[15, 0, 0, 0, 1, 0, 0, 0, 1, 1, 19, 80, 7]",no especificó
miserable,"[20, 0, 8, 0, 0, 5, 1, 1, 0, 0, 0, 0, 0, 0, 2, 3, 0, 0, 1, 0]",no especificó
teeth,"[1, 0, 10]",no especificó
married,"[0, 0, 0, 16, 1, 0, 2, 0, 0, 3, 0, 0]",no especificó
must,"[0, 115, 0]",no especificó
beauty,"[0, 0, 0, 0, 7, 0, 0, 3, 1, 0, 0, 0]",no especificó
That's,[],no especificó
umbrella,[1],no especificó
profoundly,"[7, 2]",no especificó
tilted,"[1, 2, 0, 2, 2, 1, 3, 0, 0, 7, 0, 1, 0, 0, 0, 2]",no especificó
ring,"[12, 0, 1, 1, 10, 0, 1, 0, 0, 0, 25, 0, 0, 0, 8, 0, 1, 0, 0, 0, 2, 0, 0, 11, 0, 0]",no especificó
than,[],no especificó
Because,[],no especificó
changed,"[10, 0, 0, 6, 5, 0, 7, 10, 1, 1, 3, 34, 5]",no especificó
tiredness,"[0, 0, 1]",no especificó
To,[],no especificó
ate,"[0, 0, 1, 0, 8, 0, 0, 0, 1, 0, 0, 0, 6]",no especificó
American,"[0, 39, 0]",no especificó
slowly,"[0, 16, 5, 21, 0]",no especificó
closer,"[23, 5, 0, 0, 15, 0, 1, 0, 0, 1, 0, 0, 0, 0, 0, 0, 27, 3, 2, 0, 0, 0]",no especificó
beer,[2],no especificó
longer,"[0, 28, 0, 0, 0, 0, 0, 109, 0, 0, 0, 0, 0]",no especificó
therapeutic,"[0, 2, 5, 3, 0, 0, 0, 0, 0]",no especificó
remarked,"[9, 8, 0, 0, 9, 9, 4]",no especificó
enough,"[4, 76, 12, 9, 0]",no especificó
when,[],no especificó
yeah,"[0, 0]",no especificó
Bon,[],no especificó
Yes,[10],no especificó
your,[],no especificó
worries,"[21, 33, 8, 0, 5, 1, 0, 0, 20]",no especificó
top,"[0, 0, 0, 0, 0, 0, 1, 0, 0, 0, 0, 3, 8, 0, 0, 0, 0, 29, 0, 1, 26, 0, 0, 0, 20, 0, 12, 2, 0, 0, 0, 0, 0, 0]",no especificó
Pils,[],no especificó
switched,"[1, 1, 0, 6, 5, 0, 0, 7, 6, 0, 34, 0, 0, 4, 0]",no especificó
stayed,"[1, 13, 1, 0, 1, 16, 0, 0, 13, 0, 0, 0, 0, 0, 6, 0, 16, 2]",no especificó
run,"[0, 0, 0, 0, 9, 0, 0, 3, 0, 9, 0, 0, 0, 1, 0, 5, 127, 0, 0, 6, 0, 23, 2, 1, 0, 2, 0, 19, 9, 0, 90, 1, 10, 6, 0, 2, 0, 18, 2, 0, 0, 43, 0, 74, 0, 0, 0, 0, 0, 7, 0, 20, 0, 1, 0, 0, 1, 0, 2, 7, 12, 3, 2, 2, 0, 11, 21, 30, 0]",no especificó
own,"[4, 111, 0, 492]",no especificó
That,[],no especificó
Valery,[],no especificó
found,"[0, 0, 1, 13, 0, 8, 0, 1, 0, 17, 7, 1, 5, 1, 0, 4, 14, 37, 0, 59, 102, 2, 3, 123, 0, 0, 7, 3, 3, 0, 55, 21, 0, 1, 8, 3]",no especificó
nitrogen,"[17, 0, 0]",no especificó
unuttered,"[0, 0, 0, 1, 0, 0, 0, 0]",no especificó
hell,"[0, 0, 0, 0, 0, 0, 18, 0, 0, 3, 0, 0, 0, 14, 0, 0, 0, 0]",no especificó
beside,[],no especificó
should,[],no especificó
look,"[6, 0, 0, 14, 0, 23, 23, 0, 15, 4, 5, 6, 0, 26, 0, 14, 8, 10, 37, 0, 102, 7, 59, 62, 4, 41, 7, 3, 2]",no especificó
army,"[7, 0, 0, 0, 0, 0, 0, 3]",no especificó
care,"[20, 7, 1, 0, 176, 1, 17, 3, 0, 0, 5, 0, 10, 8, 8, 1, 0, 2, 21, 10, 17]",no especificó
less,"[0, 68, 0, 0]",no especificó
been,"[0, 26, 6, 0, 3, 722, 0, 12, 6, 21, 11, 1]",no especificó
met,"[0, 1, 3, 0, 2, 0, 7, 0, 23, 0, 1, 0, 19, 0, 3, 0, 0, 0, 8, 102, 0, 11, 7, 0, 3, 3, 0]",no especificó
enthusiasm,"[0, 0, 2]",no especificó
for,[],no especificó
Pretty,"[6, 0, 19, 0, 3, 0, 0, 17]",no especificó
thin,"[0, 20, 2, 2, 0, 0, 3, 5, 0, 2, 14, 0, 1, 0, 0, 3, 0, 0]",no especificó
far,"[0, 0, 57, 0, 0, 0]",no especificó
back,"[0, 0, 3, 0, 0, 0, 8, 40, 0, 0, 0, 1, 0, 13, 0, 0, 13, 0, 0, 0, 0, 2, 0, 0, 1, 0, 162, 0, 5, 0]",no especificó
awoke,"[0, 1, 4, 0, 0, 2, 0]",no especificó
debauchery,"[1, 0, 0, 0, 0, 1, 0, 0]",no especificó
tremendous,"[1, 1, 3, 1, 1, 1, 7, 12, 6, 4, 2, 4, 4, 0]",no especificó
hustler,"[0, 0, 0, 33, 0, 0, 0, 0, 1]",no especificó
twenty-one,"[0, 0, 0, 0, 0, 4]",no especificó
free,"[0, 22, 3, 5, 1, 2, 7, 0, 0, 7, 0, 2, 0, 0, 0, 4, 0, 1, 0, 1, 4, 0, 0, 3, 1, 0, 1, 4, 0, 0, 0, 0]",no especificó
business,"[0, 3, 31, 0, 0, 0, 0, 39, 24, 5, 0, 5, 0, 0, 0, 0]",no especificó
where,[],no especificó
Maxim's,[],no especificó
dressed,"[0, 0, 0, 0, 0, 0, 0, 7, 0, 0, 0, 0, 0, 0, 1, 0, 0, 0, 0, 0, 0, 6, 0, 0, 0, 0, 0, 1, 1, 0, 0, 46, 0, 0, 0, 163, 1, 0, 0, 0, 0, 1, 0, 0, 6, 1, 0, 0, 0]",no especificó
welcome,"[7, 4]",no especificó
Saturday,"[2, 0, 0]",no especificó
never,"[0, 96]",no especificó
lean,"[1, 1, 43, 2, 2, 21, 1, 0, 1, 14, 1, 0, 2, 2]",no especificó
grounded,"[4, 3, 59, 3, 21, 1, 0, 3, 0]",no especificó
you,[],no especificó
seemed,"[3, 59, 26]",no especificó
Jeroboam,"[0, 0, 0, 0]",no especificó
my,[],no especificó
possibly,"[13, 13, 0, 0, 18, 0]",no especificó
opposite,"[0, 0, 1, 9, 8, 4, 0, 0, 0, 5, 0, 0, 0]",no especificó
sun,"[1, 0, 0, 0, 1, 0, 12, 10, 1, 0, 0]",no especificó
answered,"[163, 3, 1, 9, 1, 25, 1]",no especificó
?,[],no especificó
one,"[3, 0, 0, 1, 24, 5, 0, 0, 0, 0, 0, 0, 0, 786, 321, 29, 0]",no especificó
walked,"[0, 17]",no especificó
champagne,"[0, 0, 0, 0]",no especificó
hours,"[0, 0, 5, 0, 15, 21]",no especificó
pot,"[0, 0, 1, 20, 0, 0, 2, 0, 0, 12, 0, 0, 0, 0, 1, 0, 0, 0, 2, 0, 12, 5, 2, 0, 1, 0, 4, 0, 0, 0, 0, 0, 0, 0, 0, 18, 0, 0, 0, 0, 0, 0, 3, 0, 0, 0, 1, 10, 0, 0, 235, 0, 4, 0]",no especificó
sweep,"[0, 0, 0, 0, 0, 0, 0, 6, 0, 3, 4, 0, 0, 1, 1, 0, 9, 0, 5, 0]",no especificó
helped,"[7, 41, 1, 0, 0, 9, 1]",no especificó
analogies,"[2, 0]",no especificó
until,[],no especificó
this,[],no especificó
cheese,"[0, 0, 0, 0, 0]",no especificó
baby,"[0, 17, 0, 0, 3, 0, 0, 0, 0, 6, 0, 17, 0]",no especificó
scar,"[0, 1, 0, 3, 0, 10, 0, 0]",no especificó
sweeter,"[0, 0, 0, 0, 2, 0, 0, 0, 0, 1, 0, 0, 0, 0, 0, 0, 0, 5, 0, 0, 4]",no especificó
way,"[8, 9, 0, 6, 0, 27, 31, 3, 2, 8, 0, 123, 15]",no especificó
duds,"[0, 0, 0, 0, 0, 0, 6, 0, 0]",no especificó
Well,"[0, 2, 0, 1, 5, 4, 134, 82, 0, 20, 1]",no especificó
once,"[0, 0, 53, 0, 0, 0, 0]",no especificó
drowsing,"[0, 0, 0, 1, 0, 0]",no especificó
pressures,"[0, 8, 5, 0, 0, 2, 0, 0, 14, 0, 10, 0, 1, 1, 0, 0, 0]",no especificó
wondered,"[1, 0, 11, 1, 33]",no especificó
bitter,"[0, 0, 6, 0, 1, 0, 0, 0, 0, 0, 2, 1, 0, 0, 1, 3, 0]",no especificó
there,"[0, 276, 0, 0, 0, 0]",no especificó
no,"[50, 0, 0, 266, 0]",no especificó
sensed,"[3, 6, 40, 37, 1, 0]",no especificó
Tour,"[0, 0, 90, 3, 0, 0, 1, 2, 1, 37]",no especificó
dress,"[0, 0, 0, 0, 0, 0, 0, 0, 0, 0, 0, 0, 0, 0, 0, 0, 0, 0, 0, 11, 6, 0, 0, 1, 1, 0, 0, 46, 0, 0, 163, 1, 0, 0, 0, 6, 1, 0, 0]",no especificó
awfully,"[0, 0, 0, 0, 1, 0, 2, 0, 2, 0]",no especificó
drab,"[0, 31, 0, 4, 1, 0, 1, 0, 2, 5, 0, 1, 1, 13, 0, 1]",no especificó
flop,"[84, 3, 0, 0, 0, 1, 0, 0, 1, 0, 0]",no especificó
being,"[0, 26, 6, 0, 3, 11, 722, 0, 21, 12, 20, 2, 6, 100, 0, 1]",no especificó
haven't,[],no especificó
vacation,"[2, 0]",no especificó
Oh,"[0, 2, 0]",no especificó
at,"[35, 0, 0, 580]",no especificó
other,"[41, 183, 10]",no especificó
dig,"[0, 0, 0, 0, 5, 24, 0, 0, 3, 0, 0, 0, 0, 0, 0, 1, 0, 0, 0, 0, 0, 0, 0, 0, 1, 0, 0, 0, 0, 15, 0, 0, 1, 1, 0, 1]",no especificó
mirror,[1],no especificó
drew,"[0, 1, 14, 24, 5, 0, 5, 1, 0, 113, 7, 9, 0, 0, 0, 0, 0, 6, 0, 0, 4, 43, 0, 0, 0, 0, 0, 12, 123, 3, 4, 0, 1, 3, 0, 4, 0, 0, 0, 2, 0, 0, 0]",no especificó
Will,"[0, 0, 32, 0, 218]",no especificó
first,"[0, 20, 0, 0, 1, 169, 0, 0, 0, 0, 0, 0, 0, 0, 4, 0, 1, 20, 0, 0, 1, 0, 0, 0, 0, 0, 19, 0]",no especificó
not,"[602, 0]",no especificó
Only,"[115, 1, 3, 13, 0, 0, 0, 3, 409, 3, 211, 17, 11, 25, 4]",no especificó
reconciled,"[0, 0, 1, 0, 0, 1, 5, 0, 4, 0, 3]",no especificó
tart,"[0, 14, 0, 0, 0, 0, 0, 0, 0, 2, 0, 0, 0, 0, 0, 0, 0, 0]",no especificó
mist-like,[],no especificó
looking,"[0, 0, 0, 23, 0, 15, 4, 5, 0, 26, 0, 10, 0, 102, 7, 59, 62, 4, 41, 7, 3]",no especificó
covers,"[0, 20, 0, 0, 1, 1, 3, 3, 2, 0, 0, 0, 4, 3, 0, 0, 8, 0, 4, 2, 6, 0, 0, 0, 0, 0, 0, 29, 10, 6, 0, 1, 0, 13, 6, 1, 2, 8, 0, 0, 0, 0, 5, 1, 0, 0, 0, 0, 162, 0, 1]",no especificó
space,"[2, 43, 0, 0, 2, 72, 16, 0]",no especificó
relief,"[0, 0, 0, 0, 0, 8, 16, 0, 0, 0, 0, 0, 4, 0, 0, 0, 0, 0, 0, 0, 0, 0, 3]",no especificó
packed,"[0, 0, 0, 0, 0, 9, 0, 2, 2, 1, 1, 1, 1, 80, 0, 0, 0]",no especificó
ultimate,[5],no especificó
She,[],no especificó
smile,"[2, 4, 0, 4]",no especificó
age,"[0, 2, 0, 0, 0, 0, 0, 0, 133, 33, 0]",no especificó
wise,"[4, 5, 0, 5, 0, 0, 0, 0, 0, 0, 0, 2, 0, 0, 1]",no especificó
were,"[0, 26, 6, 0, 3, 722, 0, 12, 6, 21, 11, 1]",no especificó
night,"[31, 51, 0, 0, 1]",no especificó
gambit,"[0, 0, 0]",no especificó
water,"[0, 0, 0, 0, 0, 91, 0, 0, 0, 0, 0]",no especificó
Hun,"[0, 3, 0, 0, 0]",no especificó
glass,"[0, 0, 0, 0, 0, 1, 3, 0, 0, 0, 0, 0, 0, 0, 0, 0, 0, 5, 0, 0, 0]",no especificó
feet,"[0, 0, 0, 0, 0, 0, 0, 8, 1, 0, 0, 0, 3, 0, 0]",no especificó
or,"[0, 0, 1, 0, 1, 0, 0]",no especificó
We,[],no especificó
Mercedes,[],no especificó
ever,"[59, 0, 0, 0, 46]",no especificó
up,"[307, 0, 3, 0, 0, 4]",no especificó
fresh,"[0, 1, 1, 1, 0, 18, 0, 0, 0, 0, 0, 4, 12, 0, 0, 0, 92, 0, 0, 5, 3, 0, 0, 4]",no especificó
ancient,"[8, 0]",no especificó
terrible,"[2, 0, 0, 0, 3, 0, 2, 2, 2, 1, 3, 4, 0, 2, 0, 0, 0, 7, 4, 6]",no especificó
Yeah,"[0, 0]",no especificó
lied,"[16, 2, 0, 1, 0, 8, 0]",no especificó
Elemental,"[3, 0, 15]",no especificó
reasons,"[0, 30, 0, 5, 4, 1, 2, 18, 21, 9, 0]",no especificó
attractive,[4],no especificó
