w,vector_semantico
found,"['detect', 'found', 'line_up', 'retrieve', 'discover', 'find', 'ascertain', 'receive', 'establish', 'find_oneself', 'come_up', 'observe', 'institute', 'constitute', 'notice', 'plant', 'encounter', 'feel', 'happen', 'set_up', 'get', 'rule', 'witness', 'ground', 'see', 'determine', 'chance', 'find_out', 'get_hold', 'incur', 'bump', 'regain', 'launch', 'obtain', 'base', 'recover']",Radio Emission of the Moon and Planet
also,"['likewise', 'also', 'too', 'besides', 'as_well']",Radio Emission of the Moon and Planet
follows,"['watch', 'accompany', 'surveil', 'come_after', 'adopt', 'survey', 'observe', 'keep_abreast', 'stick_with', 'come', 'watch_over', 'play_along', 'keep_up', 'take_after', 'espouse', 'travel_along', 'abide_by', 'fall_out', 'trace', 'succeed', 'conform_to', 'comply', 'pursue', 'follow', 'stick_to', 'be', 'postdate', 'keep_an_eye_on']",Radio Emission of the Moon and Planet
Table,"['put_over', 'set_back', 'postpone', 'tabularize', 'put_off', 'mesa', 'tabularise', 'remit', 'table', 'tabular_array', 'defer', 'prorogue', 'tabulate', 'board', 'hold_over', 'shelve']",Radio Emission of the Moon and Planet
For,[],Radio Emission of the Moon and Planet
cases,"['event', 'font', 'eccentric', 'instance', 'shell', 'typeface', 'lawsuit', 'pillowcase', 'cause', 'character', 'type', 'example', 'showcase', 'sheath', 'guinea_pig', 'casing', 'suit', 'grammatical_case', 'pillow_slip', 'subject', 'encase', ""typesetter's_case"", 'incase', 'causa', 'vitrine', ""compositor's_case"", 'case', 'slip', 'face', 'caseful', 'display_case', 'fount']",Radio Emission of the Moon and Planet
by,"['aside', 'away', 'by', 'past']",Radio Emission of the Moon and Planet
waves,"['flap', 'wafture', 'Wave', 'moving_ridge', 'brandish', 'curl', 'flourish', 'undulation', 'undulate', 'roll', 'waving', 'wave', 'beckon']",Radio Emission of the Moon and Planet
phases,"['phase', 'phase_angle', 'form', 'stage']",Radio Emission of the Moon and Planet
layer,"['bed', 'level', 'layer', 'stratum']",Radio Emission of the Moon and Planet
Radio,"['radio_receiver', 'tuner', 'wireless', 'radio', 'receiving_set', 'radiocommunication', 'radio_set']",Radio Emission of the Moon and Planet
really,"['genuinely', 'truly', 'real', 'in_truth', 'really', 'rattling', 'actually', 'very']",Radio Emission of the Moon and Planet
high-resolution,['high-resolution'],Radio Emission of the Moon and Planet
assumed,"['accept', 'seize', 'adopt', 'strike', 'sham', 'don', 'take_up', 'put_on', 'pretended', 'take_for_granted', 'presume', 'assumed', 'simulate', 'feign', 'take', 'fictitious', 'assume', 'acquire', 'wear', 'take_on', 'false', 'take_over', 'arrogate', 'fictive', 'bear', 'usurp', 'get_into']",Radio Emission of the Moon and Planet
3.75,[],Radio Emission of the Moon and Planet
variation,"['edition', 'magnetic_variation', 'version', 'fluctuation', 'pas_seul', 'magnetic_declination', 'mutant', 'mutation', 'sport', 'variance', 'variant', 'variation']",Radio Emission of the Moon and Planet
measurements,"['measurement', 'mensuration', 'measure', 'measuring']",Radio Emission of the Moon and Planet
Noskova,[],Radio Emission of the Moon and Planet
C,"['hundred', 'century', 'cytosine', 'speed_of_light', '100', 'c', 'coulomb', 'degree_Celsius', 'carbon', 'ascorbic_acid', 'atomic_number_6', 'vitamin_C', 'light_speed', 'blow', 'deoxycytidine_monophosphate', 'coke', 'C', 'nose_candy', 'degree_centigrade', 'snow', 'one_C', 'ampere-second', 'one_hundred']",Radio Emission of the Moon and Planet
as,"['every_bit', 'AS', 'a', 'group_A', 'arsenic', 'type_A', 'deoxyadenosine_monophosphate', 'amp', 'antiophthalmic_factor', 'American_Samoa', 'angstrom', 'atomic_number_33', 'As', 'as', 'equally', 'A', 'adenine', 'axerophthol', 'ampere', 'angstrom_unit', 'vitamin_A', 'Eastern_Samoa']",Radio Emission of the Moon and Planet
lengths,"['length', 'duration', 'distance']",Radio Emission of the Moon and Planet
figure,"['human_body', 'chassis', 'forecast', 'shape', 'reckon', 'trope', 'name', 'count_on', 'project', 'visualise', 'calculate', 'fancy', 'digit', 'cipher', 'visualize', 'number', 'cypher', 'envision', 'image', 'physique', 'work_out', 'see', 'public_figure', 'anatomy', 'figure', 'bod', 'figure_of_speech', 'picture', 'material_body', 'soma', 'design', 'enter', 'form', 'pattern', 'frame', 'fig', 'flesh', 'physical_body', 'estimate', 'build', 'compute']",Radio Emission of the Moon and Planet
moon,"['moon_on', 'Moon', 'lunar_month', 'lunation', 'daydream', 'moonlight', 'moon', 'moon_around', 'Sun_Myung_Moon', 'synodic_month', 'moonshine']",Radio Emission of the Moon and Planet
planet,"['planet', 'satellite', 'major_planet']",Radio Emission of the Moon and Planet
results,"['consequence', 'outcome', 'event', 'issue', 'resolution', 'final_result', 'ensue', 'result', 'leave', 'answer', 'solution', 'effect', 'resultant', 'upshot', 'termination', 'lead', 'solvent', 'resultant_role']",Radio Emission of the Moon and Planet
Other,"['early', 'former', 'other']",Radio Emission of the Moon and Planet
times,"['times', 'clock_time', 'clock', 'clip', 'meter', 'fourth_dimension', 'metre', 'sentence', 'multiplication', 'prison_term', 'time']",Radio Emission of the Moon and Planet
depth,"['depth', 'profoundness', 'astuteness', 'deepness', 'profundity']",Radio Emission of the Moon and Planet
9',[],Radio Emission of the Moon and Planet
bright,"['brilliant', 'lustrous', 'vivid', 'bright', 'smart', 'undimmed', 'hopeful', 'promising', 'shining', 'brightly', 'burnished', 'shiny', 'brilliantly']",Radio Emission of the Moon and Planet
indicate,"['point', 'signal', 'indicate', 'argue', 'designate', 'betoken', 'show', 'suggest', 'bespeak']",Radio Emission of the Moon and Planet
sun,"['insolate', 'sunbathe', 'sunshine', 'Dominicus', 'Sunday', 'solarize', ""Lord's_Day"", 'sun', 'solarise', 'Sun', 'sunlight']",Radio Emission of the Moon and Planet
resultant,"['incidental', 'attendant', 'outcome', 'vector_sum', 'ensuant', 'final_result', 'result', 'concomitant', 'accompanying', 'resultant', 'termination', 'consequent', 'sequent', 'end_point']",Radio Emission of the Moon and Planet
Q,"['Q', 'q']",Radio Emission of the Moon and Planet
84-foot,[],Radio Emission of the Moon and Planet
same,"['Saami', 'Saame', 'Lapp', 'Sami', 'Lapplander', 'Same', 'same', 'like']",Radio Emission of the Moon and Planet
measure,"['evaluate', 'quantity', 'touchstone', 'metre', 'amount', 'cadence', 'quantify', 'step', 'measuring_rod', 'mensurate', 'standard', 'assess', 'measuring', 'appraise', 'measurement', 'beat', 'meter', 'valuate', 'bar', 'measure_out', 'bill', 'value', 'mensuration', 'criterion', 'measure', 'measuring_stick']",Radio Emission of the Moon and Planet
length,"['length', 'duration', 'distance']",Radio Emission of the Moon and Planet
Salomonovich,[],Radio Emission of the Moon and Planet
and,[],Radio Emission of the Moon and Planet
Recent,"['Recent_epoch', 'recent', 'Recent', 'Holocene', 'Holocene_epoch', 'late']",Radio Emission of the Moon and Planet
level,"['storey', 'level', 'level_off', 'floor', 'even', 'charge', 'tied', 'degree', 'raze', 'flush', 'even_out', 'layer', 'take_down', 'pull_down', 'stage', 'flat', 'rase', 'tear_down', 'story', 'point', 'unwavering', 'dismantle', 'stratum', 'grade', 'spirit_level', 'horizontal_surface', 'tier', 'plane']",Radio Emission of the Moon and Planet
probable,"['probable', 'likely']",Radio Emission of the Moon and Planet
becoming,"['become', 'comme_il_faut', 'go', 'seemly', 'becoming', 'turn', 'comely', 'decorous', 'decent', 'suit', 'get']",Radio Emission of the Moon and Planet
600-degrees,[],Radio Emission of the Moon and Planet
Roberts,"['Bartholomew_Roberts', 'Robert', 'Henry_Martyn_Robert', 'Henry_M._Robert', 'Richard_J._Roberts', 'Richard_John_Roberts', 'Kenneth_Roberts', 'Roberts', 'Oral_Roberts']",Radio Emission of the Moon and Planet
Imbrium,[],Radio Emission of the Moon and Planet
1956,[],Radio Emission of the Moon and Planet
Of,[],Radio Emission of the Moon and Planet
central,"['central', 'exchange', 'key', 'primal', 'fundamental', 'telephone_exchange', 'cardinal']",Radio Emission of the Moon and Planet
Moon,"['moon_on', 'Moon', 'lunar_month', 'lunation', 'daydream', 'moonlight', 'moon', 'moon_around', 'Sun_Myung_Moon', 'synodic_month', 'moonshine']",Radio Emission of the Moon and Planet
twice,"['double', 'doubly', 'twice']",Radio Emission of the Moon and Planet
shown,"['shew', 'read', 'demonstrate', 'evince', 'establish', 'express', 'present', 'testify', 'usher', 'render', 'demo', 'picture', 'designate', 'bear_witness', 'show', 'point', 'evidence', 'indicate', 'depict', 'show_up', 'register', 'record', 'exhibit', 'prove']",Radio Emission of the Moon and Planet
subsurface,['subsurface'],Radio Emission of the Moon and Planet
observers,"['percipient', 'perceiver', 'commentator', 'observer', 'beholder']",Radio Emission of the Moon and Planet
described,"['distinguish', 'key', 'describe', 'discover', 'line', 'delineate', 'described', 'depict', 'draw', 'account', 'identify', 'trace', 'name', 'report', 'key_out']",Radio Emission of the Moon and Planet
fashion,"['style', 'way', 'fashion', 'mode', 'forge', 'manner']",Radio Emission of the Moon and Planet
observing,"['detect', 'watch', 'discover', 'honor', 'find', 'keep', 'observe', 'take_note', 'notice', 'watch_over', 'observing', 'abide_by', 'maintain', 'mention', 'honour', 'respect', 'follow', 'remark', 'note', 'celebrate', 'observant', 'keep_an_eye_on']",Radio Emission of the Moon and Planet
constant-temperature,[],Radio Emission of the Moon and Planet
half-intensity,['half-intensity'],Radio Emission of the Moon and Planet
used,"['utilise', 'habituate', 'exploited', 'put-upon', 'apply', 'victimized', 'use', 'practice', 'expend', 'employ', 'utilize', 'used', 'ill-used', 'victimised', 'secondhand']",Radio Emission of the Moon and Planet
degrees,"['point', 'academic_degree', 'grade', 'level', 'arcdegree', 'degree', 'stage']",Radio Emission of the Moon and Planet
The,[],Radio Emission of the Moon and Planet
3-cm,[],Radio Emission of the Moon and Planet
reflectors,"['reflector', 'reflecting_telescope']",Radio Emission of the Moon and Planet
consistent,"['reproducible', 'coherent', 'uniform', 'consistent', 'ordered', 'logical']",Radio Emission of the Moon and Planet
significant,"['pregnant', 'substantial', 'important', 'significant', 'meaning']",Radio Emission of the Moon and Planet
visible,"['visible', 'seeable']",Radio Emission of the Moon and Planet
surround,"['beleaguer', 'environment', 'wall', 'border', 'smother', 'hem_in', 'ring', 'fence_in', 'fence', 'surroundings', 'skirt', 'circumvent', 'surround', 'besiege', 'environ', 'environs', 'palisade']",Radio Emission of the Moon and Planet
up,"['improving', 'upwardly', 'astir', 'upwards', 'upward', 'up']",Radio Emission of the Moon and Planet
limits,"['circumscribe', 'point_of_accumulation', 'terminal_point', 'limit', 'specify', 'limitation', 'fix', 'limit_point', 'terminus_ad_quem', 'demarcation', 'trammel', 'confine', 'determine', 'restrict', 'restrain', 'demarcation_line', 'define', 'boundary', 'throttle', 'set', 'bound']",Radio Emission of the Moon and Planet
additional,"['additional', 'extra']",Radio Emission of the Moon and Planet
local,"['topical_anesthetic', 'local_anaesthetic', 'topical_anaesthetic', 'local', 'local_anesthetic']",Radio Emission of the Moon and Planet
might,"['mightiness', 'power', 'might']",Radio Emission of the Moon and Planet
10,"['x', '10', 'ten', 'X', 'decade', 'tenner']",Radio Emission of the Moon and Planet
comprehensive,"['comprehensive_examination', 'comp', 'comprehensive']",Radio Emission of the Moon and Planet
probe,"['investigation', 'poke_into', 'examine', 'probe', 'dig_into']",Radio Emission of the Moon and Planet
When,[],Radio Emission of the Moon and Planet
pointing,"['level', 'head', 'channelise', 'taper', 'manoeuvre', 'charge', 'bespeak', 'steer', 'sharpen', 'aim', 'signal', 'designate', 'show', 'manoeuver', 'direct', 'place', 'guide', 'channelize', 'target', 'point', 'repoint', 'indicate', 'orient', 'betoken', 'luff', 'maneuver']",Radio Emission of the Moon and Planet
greater,"['great', 'nifty', 'cracking', 'groovy', 'with_child', 'bang-up', 'outstanding', 'expectant', 'neat', 'heavy', 'slap-up', 'majuscule', 'big', 'smashing', 'swell', 'dandy', 'enceinte', 'not_bad', 'corking', 'large', 'peachy', 'capital', 'greater', 'keen', 'bully', 'gravid']",Radio Emission of the Moon and Planet
intensity,"['volume', 'saturation', 'chroma', 'intensiveness', 'strength', 'vividness', 'loudness', 'intensity', 'intensity_level']",Radio Emission of the Moon and Planet
1959,[],Radio Emission of the Moon and Planet
4.3,[],Radio Emission of the Moon and Planet
shape,"['human_body', 'SHAPE', 'chassis', 'regulate', 'shape', 'contour', 'work', 'mould', 'condition', 'embodiment', 'conformation', 'physique', 'determine', 'anatomy', 'figure', 'bod', 'influence', 'material_body', 'soma', 'configuration', 'form', 'Supreme_Headquarters_Allied_Powers_Europe', 'pattern', 'frame', 'cast', 'forge', 'flesh', 'physical_body', 'mold', 'build']",Radio Emission of the Moon and Planet
Radhakrishnan,"['Sir_Sarvepalli_Radhakrishnan', 'Sarvepalli_Radhakrishnan', 'Radhakrishnan']",Radio Emission of the Moon and Planet
any,"['whatever', 'whatsoever', 'any']",Radio Emission of the Moon and Planet
origin,"['line', 'ancestry', 'origin', 'blood', 'pedigree', 'parentage', 'blood_line', 'bloodline', 'inception', 'rootage', 'beginning', 'extraction', 'descent', 'stemma', 'stock', 'root', 'source', 'origination', 'line_of_descent', 'lineage']",Radio Emission of the Moon and Planet
most,"['about', 'nearly', 'near', 'almost', 'well-nigh', 'most', 'virtually', 'to_the_highest_degree', 'nigh']",Radio Emission of the Moon and Planet
higher,"['in_high_spirits', 'high-pitched', 'gamey', 'higher', 'mellow', 'high', 'gamy', 'eminent']",Radio Emission of the Moon and Planet
Nicholson,[],Radio Emission of the Moon and Planet
even,"['yet', 'flush', 'eve', 'evening', 'even_out', 'level', 'fifty-fifty', 'eventide', 'even', 'regular', 'tied', 'still']",Radio Emission of the Moon and Planet
disagreement,"['discrepancy', 'divergence', 'dissonance', 'dissension', 'disagreement', 'variance']",Radio Emission of the Moon and Planet
series,"['serial_publication', 'series', 'serial']",Radio Emission of the Moon and Planet
several,"['various', 'several', 'respective']",Radio Emission of the Moon and Planet
Sloanaker,[],Radio Emission of the Moon and Planet
type,"['character', 'type', 'eccentric', 'typecast', 'case', 'typewrite']",Radio Emission of the Moon and Planet
features,"['feature_of_speech', 'feature_article', 'feature_film', 'feature', 'boast', 'characteristic', 'lineament', 'sport', 'have']",Radio Emission of the Moon and Planet
few,['few'],Radio Emission of the Moon and Planet
constant,"['invariant', 'unceasing', 'unremitting', 'perpetual', 'invariable', 'never-ending', 'constant', 'incessant', 'changeless', 'unvarying', 'ceaseless', 'constant_quantity']",Radio Emission of the Moon and Planet
3,"['III', 'ternary', 'troika', 'threesome', 'ternion', 'leash', 'iii', 'three', 'trinity', '3', 'deuce-ace', 'tercet', 'triad', 'triplet', 'tierce', 'trio', 'terzetto', 'trine', 'trey']",Radio Emission of the Moon and Planet
1-degree,[],Radio Emission of the Moon and Planet
lobe,['lobe'],Radio Emission of the Moon and Planet
known,"['experience', 'sleep_with', 'love', 'be_intimate', 'roll_in_the_hay', 'fuck', 'make_out', 'do_it', 'cognise', 'live', 'screw', 'have_sex', 'have_it_off', 'recognise', 'know', 'acknowledge', 'hump', 'bonk', 'known', 'have_a_go_at_it', 'lie_with', 'bed', 'have_it_away', 'have_intercourse', 'eff', 'get_it_on', 'make_love', 'cognize', 'get_laid', 'bang', 'jazz', 'recognize', 'sleep_together']",Radio Emission of the Moon and Planet
relatively,"['relatively', 'comparatively']",Radio Emission of the Moon and Planet
range,"['orbit', 'ambit', 'mountain_chain', 'grasp', 'order', 'stove', 'ramble', 'rove', 'chain_of_mountains', 'mountain_range', 'kitchen_stove', 'drift', 'array', 'wander', 'rate', 'tramp', 'graze', 'chain', 'compass', 'image', 'rank', 'range', 'range_of_a_function', 'cooking_stove', 'roam', 'vagabond', 'scope', 'swan', 'kitchen_range', 'place', 'straddle', 'run', 'range_of_mountains', 'set_out', 'browse', 'pasture', 'grade', 'lay_out', 'cast', 'crop', 'reach', 'roll', 'stray']",Radio Emission of the Moon and Planet
smoother,"['bland', 'smoother', 'smooth', 'electric_sander', 'fluent', 'drum_sander', 'legato', 'placid', 'tranquil', 'sander', 'fluid', 'quiet', 'unruffled', 'politic', 'liquid', 'still', 'suave']",Radio Emission of the Moon and Planet
put,"['position', 'put', 'frame', 'lay', 'cast', 'couch', 'invest', 'arrange', 'redact', 'order', 'put_option', 'place', 'commit', 'assign', 'set_up', 'set', 'pose']",Radio Emission of the Moon and Planet
first,"['offset', 'first_off', '1st', 'low', 'firstly', 'commencement', 'get-go', 'for_the_first_time', 'first_of_all', 'number_one', 'maiden', 'world-class', 'first-class_honours_degree', 'initiative', 'showtime', 'first_gear', 'kickoff', 'starting_time', 'number_1', 'first', 'beginning', 'initiatory', 'outset', 'start', 'foremost', 'first_base', 'inaugural', 'low_gear']",Radio Emission of the Moon and Planet
polarized,"['polarise', 'polarize']",Radio Emission of the Moon and Planet
already,['already'],Radio Emission of the Moon and Planet
distances,"['length', 'aloofness', 'outdistance', 'space', 'distance', 'outstrip']",Radio Emission of the Moon and Planet
procedures,"['operation', 'subroutine', 'procedure', 'subprogram', 'process', 'routine', 'function']",Radio Emission of the Moon and Planet
2',[],Radio Emission of the Moon and Planet
1935,[],Radio Emission of the Moon and Planet
derived,"['descend', 'deduct', 'come', 'derived', 'infer', 'deduce', 'derive', 'educe', 'gain']",Radio Emission of the Moon and Planet
much,"['a_great_deal', 'a_good_deal', 'a_lot', 'practically', 'often', 'much', 'very_much', 'lots']",Radio Emission of the Moon and Planet
make,"['take_in', 'make_believe', 'take_a_shit', 'relieve_oneself', 'create', 'realize', 'spend_a_penny', 'bring_in', 'name', 'stimulate', 'establish', 'piddle', 'make_up', 'puddle', 'cause', 'clear', 'construct', 'work', 'pass_water', 'take_a_crap', 'fix', 'constitute', 'pee', 'nominate', 'draw', 'urinate', 'score', 'pull_in', 'defecate', 'get', 'shuffle', 'take', 'progress_to', 'brand', 'give', 'hold', 'throw', 'induce', 'pee-pee', 'take_a_leak', 'shuffling', 'micturate', 'have', 'wee', 'do', 'pretend', 'gain', 'earn', 'get_to', 'seduce', 'cook', 'crap', 'form', 'hit', 'stool', 'ca-ca', 'piss', 'wee-wee', 'make_water', 'shit', 'make', 'reach', 'attain', 'ready', 'realise', 'produce', 'arrive_at', 'prepare', 'build', 'lay_down']",Radio Emission of the Moon and Planet
beneath,"['to_a_lower_place', 'below', 'beneath', 'at_a_lower_place']",Radio Emission of the Moon and Planet
arc,"['electric_arc', 'discharge', 'arc', 'spark', 'bow', 'arch', 'curve', 'electric_discharge']",Radio Emission of the Moon and Planet
are,"['comprise', 'follow', 'embody', 'constitute', 'be', 'ar', 'equal', 'personify', 'cost', 'are', 'make_up', 'live', 'represent', 'exist']",Radio Emission of the Moon and Planet
originates,"['rise', 'grow', 'arise', 'originate', 'develop', 'start', 'uprise', 'spring_up', 'initiate']",Radio Emission of the Moon and Planet
3.03,[],Radio Emission of the Moon and Planet
centimeter,"['centimetre', 'centimeter', 'cm']",Radio Emission of the Moon and Planet
regions,"['area', 'part', 'realm', 'region', 'neighborhood']",Radio Emission of the Moon and Planet
Burke,"['Burke', 'Martha_Jane_Burke', 'Martha_Jane_Burk', 'Calamity_Jane', 'Edmund_Burke', 'burke', 'Burk']",Radio Emission of the Moon and Planet
interferometers,['interferometer'],Radio Emission of the Moon and Planet
Af,[],Radio Emission of the Moon and Planet
under,"['under', 'below', 'nether']",Radio Emission of the Moon and Planet
polarization,"['polarization', 'polarisation']",Radio Emission of the Moon and Planet
agreement,"['agreement', 'arrangement', 'understanding', 'accord', 'concord', 'correspondence']",Radio Emission of the Moon and Planet
Garstung,[],Radio Emission of the Moon and Planet
because,[],Radio Emission of the Moon and Planet
discussion,"['treatment', 'give-and-take', 'discussion', 'discourse', 'word']",Radio Emission of the Moon and Planet
result,"['consequence', 'outcome', 'event', 'issue', 'resolution', 'final_result', 'ensue', 'result', 'leave', 'answer', 'solution', 'effect', 'resultant', 'upshot', 'termination', 'lead', 'solvent', 'resultant_role']",Radio Emission of the Moon and Planet
out,"['stunned', 'knocked_out', 'forbidden', 'taboo', 'extinct', 'come_out_of_the_closet', 'prohibited', ""KO'd"", 'proscribed', 'kayoed', 'tabu', 'verboten', 'out', 'away', 'come_out']",Radio Emission of the Moon and Planet
received,"['experience', 'take_in', 'welcome', 'standard', 'meet', 'received', 'find', 'obtain', 'receive', 'pick_up', 'encounter', 'invite', 'incur', 'have', 'get']",Radio Emission of the Moon and Planet
material,"['fabric', 'material', 'real', 'substantial', 'cloth', 'textile', 'stuff', 'corporeal']",Radio Emission of the Moon and Planet
earth,"['earthly_concern', 'Earth', 'ground', 'earth', 'dry_land', 'terra_firma', 'solid_ground', 'world', 'globe', 'land', 'worldly_concern']",Radio Emission of the Moon and Planet
near,"['draw_near', 'most', 'close', 'go_up', 'skinny', 'cheeseparing', 'come_near', 'virtually', 'draw_close', 'nigh', 'penny-pinching', 'near', 'come_on', 'about', 'approach', 'dear', 'nearly', 'approximate', 'almost', 'well-nigh', 'good']",Radio Emission of the Moon and Planet
may,"['Crataegus_oxycantha', 'May', 'English_hawthorn', 'may', 'whitethorn', 'Crataegus_laevigata']",Radio Emission of the Moon and Planet
Introduction,"['unveiling', 'introduction', 'creation', 'launching', 'first_appearance', 'insertion', 'origination', 'initiation', 'debut', 'intro', 'founding', 'foundation', 'institution', 'instauration', 'innovation', 'entry', 'intromission', 'presentation']",Radio Emission of the Moon and Planet
A,"['group_A', 'ampere', 'angstrom_unit', 'type_A', 'deoxyadenosine_monophosphate', 'amp', 'antiophthalmic_factor', 'a', 'vitamin_A', 'angstrom', 'A', 'adenine', 'axerophthol']",Radio Emission of the Moon and Planet
June,['June'],Radio Emission of the Moon and Planet
sources,"['author', 'root', 'source', 'seed', 'origin', 'germ', 'rootage', 'beginning', 'reference', 'reservoir', 'generator', 'informant']",Radio Emission of the Moon and Planet
the,[],Radio Emission of the Moon and Planet
definitely,"['definitely', 'unquestionably', 'in_spades', 'by_all_odds', 'emphatically', 'decidedly']",Radio Emission of the Moon and Planet
discussed,"['talk_over', 'talk_about', 'discourse', 'hash_out', 'discuss']",Radio Emission of the Moon and Planet
Drake,"['Francis_Drake', 'drake', 'Sir_Francis_Drake', 'Drake']",Radio Emission of the Moon and Planet
study,"['field', 'read', 'analyse', 'canvas', 'analyze', 'contemplate', 'survey', 'cogitation', 'work', 'written_report', 'learn', 'report', 'hit_the_books', 'take', 'consider', 'meditate', 'subject', 'examine', 'field_of_study', 'canvass', 'sketch', 'subject_field', 'bailiwick', 'discipline', 'study', 'subject_area']",Radio Emission of the Moon and Planet
mountainous,"['mountainous', 'hilly', 'craggy', 'cragged']",Radio Emission of the Moon and Planet
15,"['XV', 'xv', 'fifteen', '15']",Radio Emission of the Moon and Planet
altitude-azimuth-mounted,[],Radio Emission of the Moon and Planet
like,"['corresponding', 'similar', 'wish', 'alike', 'comparable', 'the_likes_of', 'the_like', 'care', 'same', 'ilk', 'like']",Radio Emission of the Moon and Planet
been,"['comprise', 'follow', 'embody', 'constitute', 'be', 'personify', 'equal', 'cost', 'make_up', 'live', 'represent', 'exist']",Radio Emission of the Moon and Planet
deduced,"['deduce', 'deduct', 'derive', 'infer']",Radio Emission of the Moon and Planet
will,"['will', 'volition', 'leave', 'testament', 'bequeath']",Radio Emission of the Moon and Planet
extent,['extent'],Radio Emission of the Moon and Planet
which,[],Radio Emission of the Moon and Planet
solar,['solar'],Radio Emission of the Moon and Planet
limited,"['confine', 'circumscribe', 'special', 'fix', 'modified', 'determine', 'trammel', 'restrict', 'limited', 'restrain', 'throttle', 'circumscribed', 'limit', 'express', 'specify', 'define', 'set', 'bound']",Radio Emission of the Moon and Planet
Venus,"['Venus', 'genus_Venus', 'Urania']",Radio Emission of the Moon and Planet
Ewen,[],Radio Emission of the Moon and Planet
present,"['deliver', 'demonstrate', 'confront', 'present', 'portray', 'nowadays', 'represent', 'submit', 'acquaint', 'present_tense', 'stage', 'give', 'demo', 'show', 'pose', 'award', 'lay_out', 'gift', 'face', 'introduce', 'exhibit', 'salute']",Radio Emission of the Moon and Planet
8-mm,[],Radio Emission of the Moon and Planet
This,[],Radio Emission of the Moon and Planet
made,"['take_in', 'make_believe', 'take_a_shit', 'relieve_oneself', 'create', 'realize', 'spend_a_penny', 'bring_in', 'name', 'stimulate', 'establish', 'piddle', 'make_up', 'puddle', 'cause', 'clear', 'made', 'construct', 'work', 'pass_water', 'take_a_crap', 'fix', 'constitute', 'pee', 'nominate', 'draw', 'urinate', 'score', 'pull_in', 'defecate', 'get', 'take', 'progress_to', 'give', 'hold', 'throw', 'induce', 'pee-pee', 'take_a_leak', 'micturate', 'have', 'wee', 'do', 'pretend', 'gain', 'earn', 'get_to', 'seduce', 'cook', 'crap', 'form', 'hit', 'stool', 'ca-ca', 'piss', 'wee-wee', 'make_water', 'shit', 'make', 'reach', 'attain', 'ready', 'realise', 'produce', 'arrive_at', 'prepare', 'build', 'lay_down']",Radio Emission of the Moon and Planet
conditions,"['qualify', 'shape', 'specify', 'conditions', 'condition', 'circumstance', 'weather_condition', 'stipulation', 'precondition', 'weather', 'experimental_condition', 'term', 'consideration', 'discipline', 'stipulate', 'train', 'check', 'atmospheric_condition', 'status']",Radio Emission of the Moon and Planet
systematic,"['systematic', 'taxonomical', 'taxonomic']",Radio Emission of the Moon and Planet
antenna,"['transmitting_aerial', 'antenna', 'aerial', 'feeler']",Radio Emission of the Moon and Planet
Beringer,[],Radio Emission of the Moon and Planet
after,"['later', 'later_on', 'subsequently', 'after', 'afterwards', 'afterward']",Radio Emission of the Moon and Planet
originate,"['rise', 'grow', 'arise', 'originate', 'develop', 'start', 'uprise', 'spring_up', 'initiate']",Radio Emission of the Moon and Planet
its,"['IT', 'information_technology']",Radio Emission of the Moon and Planet
possible,"['possible', 'potential']",Radio Emission of the Moon and Planet
exceptional,"['exceeding', 'special', 'surpassing', 'particular', 'especial', 'olympian', 'prodigious', 'exceptional']",Radio Emission of the Moon and Planet
more,"['more', 'More', 'more_than', 'Sir_Thomas_More', 'to_a_greater_extent', 'Thomas_More']",Radio Emission of the Moon and Planet
at,"['at', 'astatine', 'atomic_number_85', 'At']",Radio Emission of the Moon and Planet
superimposed,"['overlying', 'superimposed', 'superpose', 'layered', 'superimpose', 'lay_over']",Radio Emission of the Moon and Planet
entire,"['entire', 'integral', 'total', 'intact', 'stallion', 'full']",Radio Emission of the Moon and Planet
diameters,"['diam', 'diameter']",Radio Emission of the Moon and Planet
rapidly,"['apace', 'rapidly', 'quickly', 'speedily', 'chop-chop']",Radio Emission of the Moon and Planet
days,"['daytime', 'years', 'day', 'daylight', 'sidereal_day', 'solar_day', 'Clarence_Day', 'twenty-four_hour_period', 'mean_solar_day', '24-hour_interval', 'days', 'Clarence_Shepard_Day_Jr.', 'Day', 'twenty-four_hours']",Radio Emission of the Moon and Planet
about,"['about', 'approximately', 'roughly', 'around', 'or_so', 'nearly', 'astir', 'near', 'almost', 'well-nigh', 'most', 'just_about', 'virtually', 'some', 'more_or_less', 'close_to', 'nigh']",Radio Emission of the Moon and Planet
change,"['exchange', 'switch', 'change', 'convert', 'shift', 'modify', 'alter', 'alteration', 'vary', 'commute', 'modification', 'transfer', 'interchange', 'variety', 'deepen']",Radio Emission of the Moon and Planet
source,"['author', 'root', 'source', 'seed', 'origin', 'germ', 'rootage', 'beginning', 'reference', 'reservoir', 'generator', 'informant']",Radio Emission of the Moon and Planet
be,"['exist', 'beryllium', 'comprise', 'follow', 'embody', 'constitute', 'be', 'personify', 'equal', 'cost', 'atomic_number_4', 'make_up', 'glucinium', 'represent', 'Be', 'live']",Radio Emission of the Moon and Planet
substantial,"['hearty', 'material', 'real', 'substantial', 'significant', 'substantive', 'square', 'solid', 'satisfying', 'strong']",Radio Emission of the Moon and Planet
short,"['curt', 'unretentive', 'forgetful', 'poor', 'shortsighted', 'suddenly', 'unforesightful', 'shortly', 'scant', 'curtly', 'little', 'inadequate', 'shortstop', 'light', 'short-change', 'short_circuit', 'myopic', 'brusk', 'unawares', 'short', 'abruptly', 'short-circuit', 'dead', 'brusque']",Radio Emission of the Moon and Planet
Jupiter,"['Jove', 'Jupiter']",Radio Emission of the Moon and Planet
9.4,[],Radio Emission of the Moon and Planet
18'.5,[],Radio Emission of the Moon and Planet
average,"['average', 'intermediate', 'median', 'average_out', 'mediocre', 'middling', 'norm', 'mean', 'ordinary', 'medium', 'modal', 'fair']",Radio Emission of the Moon and Planet
2.1,[],Radio Emission of the Moon and Planet
along,"['on', 'along']",Radio Emission of the Moon and Planet
maria,"['Maria', 'mare', 'maria', 'Calophyllum_longifolium']",Radio Emission of the Moon and Planet
while,"['patch', 'spell', 'piece', 'while']",Radio Emission of the Moon and Planet
3.15,[],Radio Emission of the Moon and Planet
extreme,"['utmost', 'extreme', 'extreme_point', 'extremum', 'uttermost']",Radio Emission of the Moon and Planet
cool,"['sang-froid', 'nerveless', 'assuredness', 'chill', 'cool', 'coolheaded', 'cool_down', 'cool_off', 'poise', 'aplomb']",Radio Emission of the Moon and Planet
conductivity,"['conductivity', 'conduction']",Radio Emission of the Moon and Planet
specify,"['qualify', 'specialize', 'narrow', 'delimit', 'pin_down', 'specify', 'limit', 'condition', 'fix', 'particularize', 'nail_down', 'particularise', 'intend', 'narrow_down', 'determine', 'delineate', 'set_apart', 'designate', 'peg_down', 'define', 'stipulate', 'destine', 'specialise', 'delimitate', 'assign', 'set']",Radio Emission of the Moon and Planet
resolved,"['solve', 'settle', 'solved', 'answer', 'resolve', 'break_up', 'single-minded', 'dissolve', 'resolved', 'decide', 'purpose', 'adjudicate', 'conclude']",Radio Emission of the Moon and Planet
Maryland,"['Maryland', 'MD', 'Free_State', 'Old_Line_State']",Radio Emission of the Moon and Planet
solid,"['self-colored', 'hearty', 'self-coloured', 'whole', 'solid_state', 'substantial', 'solidness', 'unanimous', 'square', 'upstanding', 'solid', 'satisfying', 'firm', 'strong']",Radio Emission of the Moon and Planet
cause,"['stimulate', 'lawsuit', 'cause', 'grounds', 'suit', 'get', 'causal_agent', 'movement', 'induce', 'have', 'effort', 'do', 'causa', 'crusade', 'causal_agency', 'reason', 'drive', 'case', 'campaign', 'make']",Radio Emission of the Moon and Planet
improved,"['improved', 'amend', 'ameliorate', 'better', 'improve', 'meliorate']",Radio Emission of the Moon and Planet
rapid,"['speedy', 'rapid']",Radio Emission of the Moon and Planet
radio,"['radio_receiver', 'tuner', 'wireless', 'radio', 'receiving_set', 'radiocommunication', 'radio_set']",Radio Emission of the Moon and Planet
possibility,"['possible_action', 'possibleness', 'theory', 'possibility', 'hypothesis', 'opening']",Radio Emission of the Moon and Planet
hour,"['hr', 'hour', '60_minutes', 'time_of_day', 'minute']",Radio Emission of the Moon and Planet
does,"['behave', 'DOE', 'make_out', 'get_along', 'serve', 'cause', 'coif', 'Department_of_Energy', 'come', 'arrange', 'doe', 'exercise', 'fare', 'perform', 'dress', 'Energy_Department', 'act', 'coiffure', 'practice', 'answer', 'coiffe', 'suffice', 'do', 'practise', 'Energy', 'execute', 'manage', 'make', 'set']",Radio Emission of the Moon and Planet
power,"['ability', 'exponent', 'baron', 'force', 'office', 'powerfulness', 'power', 'business_leader', 'magnate', 'index', 'mogul', 'big_businessman', 'superpower', 'major_power', 'top_executive', 'world_power', 'great_power', 'king', 'tycoon', 'mightiness', 'might']",Radio Emission of the Moon and Planet
considerably,"['substantially', 'considerably', 'well']",Radio Emission of the Moon and Planet
reported,"['describe', 'cover', 'account', 'report', 'reported']",Radio Emission of the Moon and Planet
B,"['bacillus', 'B_complex', 'Bel', 'B_vitamin', 'b', 'vitamin_B_complex', 'boron', 'B-complex_vitamin', 'atomic_number_5', 'group_B', 'barn', 'type_B', 'vitamin_B', 'B']",Radio Emission of the Moon and Planet
Coates,"['coat', 'surface', 'cake']",Radio Emission of the Moon and Planet
phase,"['phase', 'phase_angle', 'form', 'stage']",Radio Emission of the Moon and Planet
part,"['take_off', 'region', 'section', 'parting', 'split_up', 'break', 'share', 'partly', 'character', 'split', 'office', 'break_up', 'contribution', 'start_out', 'percentage', 'separate', 'piece', 'part', 'depart', 'role', 'voice', 'theatrical_role', 'disunite', 'constituent', 'start', 'component_part', 'function', 'set_out', 'persona', 'component', 'set_forth', 'portion', 'division', 'partially', 'divide', 'set_off']",Radio Emission of the Moon and Planet
give,"['return', 'break', 'establish', 'present', 'contribute', 'open', 'cave_in', 'devote', 'pass_on', 'commit', 'chip_in', 'founder', 'generate', 'collapse', 'springiness', 'afford', 'render', 'apply', 'grant', 'give', 'feed', 'kick_in', 'hold', 'throw', 'give_way', 'sacrifice', 'dedicate', 'pass', 'fall_in', 'impart', 'spring', 'have', 'turn_over', 'consecrate', 'ease_up', 'pay', 'leave', 'move_over', 'yield', 'gift', 'make', 'hand', 'reach']",Radio Emission of the Moon and Planet
Aj,[],Radio Emission of the Moon and Planet
1,"['i', '1', 'single', 'unity', 'ane', 'one', 'ace', 'I']",Radio Emission of the Moon and Planet
consequently,"['consequently', 'accordingly', 'therefore']",Radio Emission of the Moon and Planet
beam,"['ray', 'shaft', 'ray_of_light', 'balance_beam', 'transmit', 'radiate', 'light_beam', 'broadcast', 'shine', 'beam_of_light', 'electron_beam', 'air', 'irradiation', 'glow', 'beam', 'shaft_of_light', 'send', 'radio_beam']",Radio Emission of the Moon and Planet
but,"['simply', 'only', 'just', 'merely', 'but']",Radio Emission of the Moon and Planet
apparatus,"['setup', 'apparatus']",Radio Emission of the Moon and Planet
called,"['address', 'holler', 'call_up', 'ring', 'shout', 'name', 'call_in', 'promise', 'scream', 'bid', 'shout_out', 'foretell', 'visit', 'call_off', 'cry', 'telephone', 'predict', 'forebode', 'hollo', 'call', 'phone', 'squall', 'yell', 'send_for', 'prognosticate', 'anticipate']",Radio Emission of the Moon and Planet
interpreted,"['understand', 'render', 'see', 'read', 'interpret', 'interpreted', 'construe', 'translate', 'taken', 'represent', 'rede']",Radio Emission of the Moon and Planet
falloff,"['drop-off', 'slump', 'falloff', 'slack', 'falling_off']",Radio Emission of the Moon and Planet
interferometer,['interferometer'],Radio Emission of the Moon and Planet
emission,"['emanation', 'discharge', 'expelling', 'emission']",Radio Emission of the Moon and Planet
seems,"['appear', 'look', 'seem']",Radio Emission of the Moon and Planet
on,"['on', 'along']",Radio Emission of the Moon and Planet
components,"['part', 'ingredient', 'factor', 'component', 'element', 'portion', 'constituent', 'component_part']",Radio Emission of the Moon and Planet
It,"['IT', 'information_technology']",Radio Emission of the Moon and Planet
detect,"['detect', 'observe', 'discover', 'notice', 'find']",Radio Emission of the Moon and Planet
age,"['age', 'eld', 'mature', 'geezerhood', 'long_time', 'maturate', 'get_on', 'years', 'senesce', 'old_age', 'historic_period']",Radio Emission of the Moon and Planet
differences,"['conflict', 'dispute', 'divergence', 'deviation', 'departure', 'difference', 'difference_of_opinion', 'remainder']",Radio Emission of the Moon and Planet
Mars,"['mar', 'Mars', 'Red_Planet', 'Mar', 'spoil', 'deflower', 'vitiate', 'blemish', 'defect', 'impair', 'mutilate', 'March']",Radio Emission of the Moon and Planet
for,[],Radio Emission of the Moon and Planet
radiates,"['ray', 'shine', 'glow', 'radiate', 'diversify', 'beam']",Radio Emission of the Moon and Planet
their,[],Radio Emission of the Moon and Planet
6'.7,[],Radio Emission of the Moon and Planet
uniformly,['uniformly'],Radio Emission of the Moon and Planet
shorter,"['curt', 'myopic', 'brusk', 'unforesightful', 'short', 'unretentive', 'scant', 'forgetful', 'light', 'little', 'inadequate', 'brusque', 'poor', 'shortsighted']",Radio Emission of the Moon and Planet
a,"['group_A', 'ampere', 'angstrom_unit', 'type_A', 'deoxyadenosine_monophosphate', 'amp', 'antiophthalmic_factor', 'a', 'vitamin_A', 'angstrom', 'A', 'adenine', 'axerophthol']",Radio Emission of the Moon and Planet
centimeter-,[],Radio Emission of the Moon and Planet
together,"['unitedly', 'in_concert', 'together']",Radio Emission of the Moon and Planet
drift,"['freewheel', 'trend', 'heading', 'ramble', 'rove', 'gallery', 'drift', 'impetus', 'wander', 'tramp', 'float', 'purport', 'impulsion', 'range', 'blow', 'roam', 'movement', 'vagabond', 'swan', 'err', 'cast', 'be_adrift', 'roll', 'stray']",Radio Emission of the Moon and Planet
three,"['III', 'ternary', 'troika', 'threesome', 'ternion', 'leash', 'iii', 'three', 'trinity', '3', 'deuce-ace', 'tercet', 'triad', 'triplet', 'tierce', 'trio', 'terzetto', 'trine', 'trey']",Radio Emission of the Moon and Planet
coincidence,"['coincidence', 'conjunction', 'happenstance', 'co-occurrence', 'concurrence']",Radio Emission of the Moon and Planet
could,[],Radio Emission of the Moon and Planet
smaller,"['humble', 'smaller', 'small', 'littler', 'minor', 'pocket-sized', 'belittled', 'low', 'modest', 'diminished', 'small-scale', 'lowly', 'little', 'minuscule', 'pocket-size']",Radio Emission of the Moon and Planet
distribution,"['distribution', 'dispersion', 'statistical_distribution']",Radio Emission of the Moon and Planet
equal,"['match', 'be', 'equal', 'touch', 'equate', 'peer', 'equalize', 'adequate', 'equalise', 'compeer', 'rival']",Radio Emission of the Moon and Planet
attempts,"['endeavour', 'assay', 'try', 'endeavor', 'attempt', 'set_about', 'essay', 'effort', 'attack', 'seek', 'undertake']",Radio Emission of the Moon and Planet
indicated,"['point', 'signal', 'indicate', 'argue', 'designate', 'betoken', 'show', 'suggest', 'bespeak']",Radio Emission of the Moon and Planet
Steady,"['calm', 'sweetheart', 'stabilize', 'stiff', 'truelove', 'steadfast', 'unshakable', 'stabilise', 'unfluctuating', 'steadily', 'unfaltering', 'unbendable', 'sweetie', 'firm', 'unwavering', 'becalm', 'steady', 'brace', 'regular']",Radio Emission of the Moon and Planet
off,"['bump_off', 'remove', 'cancelled', 'sour', 'hit', 'slay', 'polish_off', 'forth', 'dispatch', 'away', 'turned', 'off', 'murder']",Radio Emission of the Moon and Planet
of,[],Radio Emission of the Moon and Planet
Saturn,['Saturn'],Radio Emission of the Moon and Planet
1949,[],Radio Emission of the Moon and Planet
U.,[],Radio Emission of the Moon and Planet
highest,"['in_high_spirits', 'high-pitched', 'gamey', 'mellow', 'high', 'gamy', 'eminent']",Radio Emission of the Moon and Planet
planets,"['planet', 'satellite', 'major_planet']",Radio Emission of the Moon and Planet
Pettit,[],Radio Emission of the Moon and Planet
lunation,"['lunar_month', 'synodic_month', 'lunation', 'moon']",Radio Emission of the Moon and Planet
sample,"['try_out', 'sampling', 'try', 'sample', 'sample_distribution', 'taste']",Radio Emission of the Moon and Planet
lobes,"['lob', 'lobe']",Radio Emission of the Moon and Planet
unobtainable,"['untouchable', 'inaccessible', 'unprocurable', 'unobtainable']",Radio Emission of the Moon and Planet
neglecting,"['drop', 'neglect', 'overleap', 'miss', 'omit', 'ignore', 'overlook', 'pretermit', 'leave_out', 'disregard', 'fail']",Radio Emission of the Moon and Planet
13,"['long_dozen', 'thirteen', 'XIII', ""baker's_dozen"", 'xiii', '13']",Radio Emission of the Moon and Planet
do,"['brawl', 'doh', 'behave', 'make_out', 'get_along', 'Doctor_of_Osteopathy', 'serve', 'cause', 'DO', 'coif', 'come', 'arrange', 'exercise', 'ut', 'fare', 'perform', 'dress', 'act', 'coiffure', 'practice', 'answer', 'bash', 'coiffe', 'suffice', 'do', 'practise', 'execute', 'manage', 'make', 'set']",Radio Emission of the Moon and Planet
large,"['large', 'orotund', 'expectant', 'turgid', 'heavy', 'great', 'big', 'bombastic', 'vauntingly', 'tumid', 'magnanimous', 'enceinte', 'boastfully', 'prominent', 'declamatory', 'with_child', 'gravid']",Radio Emission of the Moon and Planet
records,"['disk', 'record_book', 'read', 'book', 'disc', 'phonograph_recording', 'criminal_record', 'memorialise', 'phonograph_record', 'platter', 'show', 'commemorate', 'immortalise', 'enter', 'memorialize', 'immortalize', 'register', 'record', 'put_down', 'track_record', 'tape']",Radio Emission of the Moon and Planet
extensive,"['all-embracing', 'extended', 'panoptic', 'extensive', 'blanket', 'across-the-board', 'all-encompassing', 'encompassing', 'wide', 'broad', 'all-inclusive']",Radio Emission of the Moon and Planet
component,"['part', 'ingredient', 'factor', 'component', 'element', 'portion', 'constituent', 'component_part']",Radio Emission of the Moon and Planet
varies,"['diverge', 'change', 'depart', 'alter', 'motley', 'vary', 'deviate', 'variegate']",Radio Emission of the Moon and Planet
than,[],Radio Emission of the Moon and Planet
structure,"['social_organisation', 'complex_body_part', 'body_structure', 'social_organization', 'structure', 'social_structure', 'social_system', 'anatomical_structure', 'bodily_structure', 'construction']",Radio Emission of the Moon and Planet
or,"['operating_room', 'operating_theatre', 'operating_theater', 'Oregon', 'surgery', 'Beaver_State', 'OR']",Radio Emission of the Moon and Planet
remain,"['persist', 'continue', 'rest', 'stay', 'stay_on', 'remain']",Radio Emission of the Moon and Planet
came,"['come_in', 'derive', 'make_out', 'amount', 'get_along', 'occur', 'come_up', 'come', 'number', 'arrive', 'hail', 'fare', 'get', 'descend', 'fall', 'total', 'issue_forth', 'do', 'add_up', 'follow']",Radio Emission of the Moon and Planet
had,"['experience', 'take_in', 'accept', 'own', 'deliver', 'receive', 'stimulate', 'give_birth', 'let', 'cause', 'consume', 'birth', 'get', 'take', 'give', 'hold', 'have_got', 'throw', 'induce', 'suffer', 'have', 'possess', 'feature', 'ingest', 'make', 'sustain', 'bear']",Radio Emission of the Moon and Planet
1960,[],Radio Emission of the Moon and Planet
Mare,"['mare', 'maria', 'female_horse']",Radio Emission of the Moon and Planet
main,"['briny', 'main', 'master', 'chief', 'primary', 'principal', 'independent']",Radio Emission of the Moon and Planet
to,[],Radio Emission of the Moon and Planet
order,"['regularise', 'regulate', 'govern', 'say', 'order', 'fiat', 'ordering', 'Holy_Order', 'ordain', 'ordinate', 'social_club', 'rescript', 'enjoin', 'dictate', 'order_of_magnitude', 'guild', 'rate', 'arrange', 'Order', 'rank', 'set_up', 'range', 'club', 'lodge', 'put', 'parliamentary_law', 'decree', 'place', 'purchase_order', 'society', 'consecrate', 'edict', 'rules_of_order', 'monastic_order', 'ordination', 'tell', 'grade', 'gild', 'orderliness', 'parliamentary_procedure', 'regularize', 'prescribe']",Radio Emission of the Moon and Planet
1930,[],Radio Emission of the Moon and Planet
nearer,"['penny-pinching', 'skinny', 'nigher', 'cheeseparing', 'near', 'dear', 'approximate', 'nearer', 'close', 'closer', 'nigh', 'good']",Radio Emission of the Moon and Planet
contour,"['contour', 'form', 'shape', 'conformation', 'contour_line', 'configuration']",Radio Emission of the Moon and Planet
S.,[],Radio Emission of the Moon and Planet
sky,"['toss', 'pitch', 'sky', 'flip']",Radio Emission of the Moon and Planet
detection,"['detective_work', 'detection', 'detecting', 'espial', 'spotting', 'sensing', 'signal_detection', 'spying', 'sleuthing', 'catching']",Radio Emission of the Moon and Planet
sporadic,['sporadic'],Radio Emission of the Moon and Planet
assuming,"['accept', 'seize', 'adopt', 'strike', 'sham', 'don', 'assumptive', 'take_up', 'put_on', 'take_for_granted', 'presume', 'assuming', 'simulate', 'feign', 'take', 'assume', 'presumptuous', 'acquire', 'wear', 'take_on', 'take_over', 'arrogate', 'bear', 'usurp', 'get_into']",Radio Emission of the Moon and Planet
20,"['xx', 'XX', 'twenty', '20']",Radio Emission of the Moon and Planet
experimental,"['experimental', 'data-based', 'observational']",Radio Emission of the Moon and Planet
1958,[],Radio Emission of the Moon and Planet
22,"['XXII', '22', 'xxii', 'twenty-two']",Radio Emission of the Moon and Planet
black,"['melanize', 'Shirley_Temple_Black', 'dim', 'Black_person', 'contraband', 'sinister', 'total_darkness', 'bleak', 'nigrify', 'ignominious', 'fateful', 'pitch-dark', 'blacken', 'blackness', 'bootleg', 'lightlessness', 'Negroid', 'fatal', 'black', 'shameful', 'blackened', 'disgraceful', 'pitch-black', 'disastrous', 'Shirley_Temple', 'pitch_blackness', 'inglorious', 'Black', 'mordant', 'inkiness', 'black-market', 'calamitous', 'opprobrious', 'Negro', 'grim', 'dark', 'melanise', 'Joseph_Black', 'smutty', 'smuggled', 'blackamoor']",Radio Emission of the Moon and Planet
Not,"['not', 'non']",Radio Emission of the Moon and Planet
briefly,"['in_brief', 'concisely', 'briefly', 'shortly', 'in_short']",Radio Emission of the Moon and Planet
thermal,"['thermic', 'thermal', 'caloric']",Radio Emission of the Moon and Planet
characteristics,"['feature', 'characteristic', 'device_characteristic']",Radio Emission of the Moon and Planet
10.3,[],Radio Emission of the Moon and Planet
diagram,"['plot', 'diagram']",Radio Emission of the Moon and Planet
cm,"['Cm', 'atomic_number_96', 'centimetre', 'curium', 'cm', 'centimeter']",Radio Emission of the Moon and Planet
Washington,"['Washington_D.C.', 'Booker_Taliaferro_Washington', 'Booker_T._Washington', 'capital_of_the_United_States', 'George_Washington', 'President_Washington', 'WA', 'Capital', 'Washington', 'Evergreen_State', 'American_capital']",Radio Emission of the Moon and Planet
roughly,"['approximately', 'about', 'roughly', 'around', 'or_so', 'rough', 'just_about', 'some', 'more_or_less', 'close_to']",Radio Emission of the Moon and Planet
1955,[],Radio Emission of the Moon and Planet
information,"['info', 'data', 'information', 'entropy', 'selective_information']",Radio Emission of the Moon and Planet
materials,"['fabric', 'material', 'cloth', 'textile', 'stuff']",Radio Emission of the Moon and Planet
time,"['clock_time', 'clock', 'clip', 'meter', 'fourth_dimension', 'metre', 'sentence', 'prison_term', 'time']",Radio Emission of the Moon and Planet
whole,"['whole', 'all', 'unharmed', 'altogether', 'totally', 'completely', 'unanimous', 'wholly', 'hale', 'unit', 'solid', 'entirely', 'unscathed', 'unhurt']",Radio Emission of the Moon and Planet
then,"['then', 'so', 'and_then', 'and_so']",Radio Emission of the Moon and Planet
years,"['age', 'eld', 'twelvemonth', 'long_time', 'years', 'class', 'yr', 'days', 'year', 'old_age', 'geezerhood']",Radio Emission of the Moon and Planet
useful,"['utile', 'useful', 'utilitarian']",Radio Emission of the Moon and Planet
remaining,"['left', 'persist', 'leftover', 'continue', 'rest', 'unexpended', 'stay', 'remaining', 'stay_on', 'remain', 'left_over', 'odd']",Radio Emission of the Moon and Planet
region,"['area', 'part', 'realm', 'region', 'neighborhood']",Radio Emission of the Moon and Planet
Measurements,"['measurement', 'mensuration', 'measure', 'measuring']",Radio Emission of the Moon and Planet
Very,"['identical', 'real', 'selfsame', 'really', 'rattling', 'very']",Radio Emission of the Moon and Planet
Gibson,"['Mel_Gibson', 'Charles_Dana_Gibson', 'Althea_Gibson', 'Gibson', 'Mel_Columcille_Gerard_Gibson', 'C._D._Gibson']",Radio Emission of the Moon and Planet
complete,"['finish', 'terminated', 'make_out', 'consummate', 'sodding', 'complete', 'fill_out', 'ended', 'accomplished', 'unadulterated', 'gross', 'staring', 'pure', 'perfect', 'nail', 'dispatch', 'stark', 'over', 'discharge', 'fill_in', 'double-dyed', 'concluded', 'all_over', 'everlasting', 'arrant', 'utter', 'thoroughgoing']",Radio Emission of the Moon and Planet
transparent,"['gauze-like', 'limpid', 'gauzy', 'see-through', 'diaphanous', 'sheer', 'cobwebby', 'gossamer', 'vapourous', 'pellucid', 'guileless', 'lucid', 'crystalline', 'transparent', 'filmy', 'crystal_clear', 'vaporous']",Radio Emission of the Moon and Planet
identified,"['identified', 'distinguish', 'describe', 'discover', 'identify', 'name', 'place', 'key', 'key_out']",Radio Emission of the Moon and Planet
observe,"['detect', 'watch', 'discover', 'honor', 'find', 'keep', 'observe', 'take_note', 'notice', 'watch_over', 'abide_by', 'maintain', 'mention', 'honour', 'respect', 'follow', 'remark', 'note', 'celebrate', 'keep_an_eye_on']",Radio Emission of the Moon and Planet
atmosphere,"['aura', 'standard_atmosphere', 'atmospheric_state', 'atmosphere', 'ambience', 'atm', 'air', 'standard_pressure', 'ambiance']",Radio Emission of the Moon and Planet
Observations,"['notice', 'observance', 'reflection', 'reflexion', 'observation', 'watching']",Radio Emission of the Moon and Planet
spread,"['spread_head', 'broadcast', 'pass_around', 'spreading', 'distribute', 'disperse', 'feast', 'open', 'bedcover', 'spread_out', 'counterpane', 'go_around', 'cattle_farm', 'fan_out', 'bed_cover', 'ranch', 'spread', 'scatter', 'spreadhead', 'circularize', 'banquet', 'propagate', 'facing_pages', 'overspread', 'circulate', 'bedspread', 'cattle_ranch', 'bed_covering', 'gap', 'paste', 'diffuse', 'circularise', 'disseminate', 'dispersed', 'outspread', 'unfold']",Radio Emission of the Moon and Planet
width,"['breadth', 'width']",Radio Emission of the Moon and Planet
methods,"['method_acting', 'method']",Radio Emission of the Moon and Planet
eclipses,"['dominate', 'occult', 'eclipse', 'overshadow', 'occultation']",Radio Emission of the Moon and Planet
over,"['over', 'all_over', ""o'er"", 'terminated', 'concluded', 'complete', 'ended']",Radio Emission of the Moon and Planet
become,"['become', 'go', 'turn', 'suit', 'get']",Radio Emission of the Moon and Planet
McCullough,[],Radio Emission of the Moon and Planet
now,"['immediately', 'today', 'directly', 'straight_off', 'forthwith', 'at_once', 'at_present', 'straightaway', 'instantly', 'right_away', 'now', 'like_a_shot', 'nowadays']",Radio Emission of the Moon and Planet
contours,"['contour', 'form', 'shape', 'conformation', 'contour_line', 'configuration']",Radio Emission of the Moon and Planet
have,"['experience', 'take_in', 'accept', 'own', 'deliver', 'receive', 'stimulate', 'give_birth', 'let', 'cause', 'consume', 'birth', 'get', 'take', 'give', 'hold', 'have_got', 'throw', 'wealthy_person', 'induce', 'rich_person', 'suffer', 'have', 'possess', 'feature', 'ingest', 'make', 'sustain', 'bear']",Radio Emission of the Moon and Planet
available,"['available', 'uncommitted', 'useable', 'usable']",Radio Emission of the Moon and Planet
infrared,"['infrared_light', 'infrared_frequency', 'infrared_radiation', 'infrared_emission', 'infrared']",Radio Emission of the Moon and Planet
noise,"['racket', 'dissonance', 'stochasticity', 'disturbance', 'randomness', 'interference', 'haphazardness', 'resound', 'noise', 'make_noise']",Radio Emission of the Moon and Planet
expected,"['ask', 'wait', 'gestate', 'carry', 'look', 'expect', 'have_a_bun_in_the_oven', 'bear', 'await', 'anticipate', 'require', 'expected']",Radio Emission of the Moon and Planet
gain,"['gain_ground', 'take_in', 'realize', 'bring_in', 'derive', 'pull_ahead', 'clear', 'win', 'put_on', 'advance', 'increase', 'pull_in', 'make_headway', 'get_ahead', 'amplification', 'acquire', 'gather', 'addition', 'gain', 'profit', 'earn', 'hit', 'reach', 'make', 'attain', 'realise', 'arrive_at', 'benefit']",Radio Emission of the Moon and Planet
Laboratory,"['research_laboratory', 'lab', 'laboratory', 'research_lab', 'science_lab', 'science_laboratory', 'testing_ground']",Radio Emission of the Moon and Planet
NRL,"['Naval_Research_Laboratory', 'NRL']",Radio Emission of the Moon and Planet
unexpected,['unexpected'],Radio Emission of the Moon and Planet
interference-like,[],Radio Emission of the Moon and Planet
bodies,"['soundbox', 'dead_body', 'consistency', 'personify', 'consistence', 'body', 'trunk', 'eubstance', 'organic_structure', 'torso', 'physical_structure']",Radio Emission of the Moon and Planet
all,"['whole', 'altogether', 'totally', 'completely', 'wholly', 'all', 'entirely']",Radio Emission of the Moon and Planet
mm,"['mm', 'millimeter', 'millimetre']",Radio Emission of the Moon and Planet
resolution,"['resolution', 'firmness', 'resoluteness', 'firmness_of_purpose', 'result', 'answer', 'resolve', 'solution', 'closure', 'solvent', 'solving', 'resolving_power', 'resolving', 'settlement', 'declaration']",Radio Emission of the Moon and Planet
direction,"['focus', 'centering', 'direction', 'steering', 'focussing', 'guidance', 'counselling', 'instruction', 'commission', 'counsel', 'focusing', 'counseling', 'charge', 'focal_point', 'way', 'management']",Radio Emission of the Moon and Planet
cooler,"['cooler', 'cool', 'ice_chest', 'coolheaded', 'tank', 'nerveless']",Radio Emission of the Moon and Planet
rocklike,"['granitelike', 'granitic', 'rocklike', 'stony']",Radio Emission of the Moon and Planet
temperatures,['temperature'],Radio Emission of the Moon and Planet
960-mc,[],Radio Emission of the Moon and Planet
center,"['snapper', 'gist', 'marrow', 'focus', 'rivet', 'middle', 'sum', 'shopping_center', 'shopping_centre', 'kernel', 'revolve_around', 'pith', 'heart', 'concentrate_on', 'centre', 'nitty-gritty', 'essence', 'eye', 'center', 'nerve_center', 'halfway', 'substance', 'midpoint', 'center_field', 'center_of_attention', 'heart_and_soul', 'inwardness', 'core', 'plaza', 'centerfield', 'nerve_centre', 'midway', 'center_on', 'pore', 'revolve_about', 'focus_on', 'mall', 'meat', 'nub', 'concentrate', 'shopping_mall', 'centre_of_attention']",Radio Emission of the Moon and Planet
supplied,"['issue', 'render', 'furnish', 'provide', 'add', 'cater', 'ply', 'supply', 'append']",Radio Emission of the Moon and Planet
sensitivity,"['predisposition', 'sensitivity', 'sensibility', 'sensitiveness']",Radio Emission of the Moon and Planet
subtends,"['subtend', 'delimit']",Radio Emission of the Moon and Planet
physical,"['strong-arm', 'forcible', 'physical']",Radio Emission of the Moon and Planet
properly,"['properly', 'the_right_way', 'in_good_order', 'right', 'by_rights', 'decent', 'decently']",Radio Emission of the Moon and Planet
small,"['humble', 'small', 'minor', 'pocket-sized', 'belittled', 'low', 'modest', 'diminished', 'small-scale', 'lowly', 'little', 'minuscule', 'pocket-size']",Radio Emission of the Moon and Planet
reaching,"['reach_out', 'strive', 'achieve', 'touch', 'pass_on', 'extend_to', 'get_hold_of', 'accomplish', 'progress_to', 'reaching', 'give', 'strain', 'pass', 'stretch', 'turn_over', 'get_to', 'gain', 'arrival', 'hit', 'contact', 'hand', 'reach', 'make', 'attain', 'arrive_at', 'get_through']",Radio Emission of the Moon and Planet
scan,"['glance_over', 'scan', 'read', 'rake', 'run_down', 'skim', 'CAT_scan']",Radio Emission of the Moon and Planet
obtained,"['prevail', 'hold', 'find', 'obtain', 'receive', 'incur', 'get']",Radio Emission of the Moon and Planet
interval,"['musical_interval', 'separation', 'time_interval', 'interval']",Radio Emission of the Moon and Planet
reduced,"['contract', 'dilute', 'cut', 'keep_down', 'repress', 'trim', 'thin_out', 'subjugate', 'scale_down', 'shrink', 'deoxidise', 'abridge', 'decreased', 'deoxidize', 'decoct', 'lose_weight', 'subdue', 'foreshorten', 'boil_down', 'cut_back', 'slim_down', 'come_down', 'shorten', 'trim_back', 'abbreviate', 'quash', 'slenderize', 'trim_down', 'reduced', 'cut_down', 'slim', 'thin', 'melt_off', 'bring_down', 'reduce', 'concentrate', 'tighten', 'rock-bottom']",Radio Emission of the Moon and Planet
techniques,"['proficiency', 'technique']",Radio Emission of the Moon and Planet
temperature,['temperature'],Radio Emission of the Moon and Planet
hypothetical,"['supposed', 'hypothetical', 'suppositious', 'suppositional', 'supposititious', 'hypothetic', 'divinatory', 'conjectural']",Radio Emission of the Moon and Planet
optical,"['visual', 'ocular', 'optical', 'optic', 'opthalmic']",Radio Emission of the Moon and Planet
intensities,"['volume', 'saturation', 'chroma', 'intensiveness', 'strength', 'vividness', 'loudness', 'intensity', 'intensity_level']",Radio Emission of the Moon and Planet
less,"['to_a_lesser_extent', 'less', 'lupus_erythematosus', 'LE']",Radio Emission of the Moon and Planet
body,"['soundbox', 'dead_body', 'consistency', 'personify', 'consistence', 'body', 'trunk', 'eubstance', 'organic_structure', 'torso', 'physical_structure']",Radio Emission of the Moon and Planet
difficult,"['unmanageable', 'hard', 'difficult']",Radio Emission of the Moon and Planet
it,"['IT', 'information_technology']",Radio Emission of the Moon and Planet
contrast,"['contrast', 'line', 'direct_contrast', 'counterpoint', 'demarcation', 'dividing_line']",Radio Emission of the Moon and Planet
composition,"['authorship', 'opus', 'writing', 'make-up', 'composing', 'makeup', 'piece_of_music', 'musical_composition', 'paper', 'composition', 'theme', 'physical_composition', 'typography', 'report', 'piece', 'penning', 'constitution']",Radio Emission of the Moon and Planet
atmospheres,"['aura', 'standard_atmosphere', 'atmospheric_state', 'atmosphere', 'ambience', 'atm', 'air', 'standard_pressure', 'ambiance']",Radio Emission of the Moon and Planet
angle,"['slant', 'weight', 'tip', 'lean', 'tilt', 'angle', 'fish', 'Angle']",Radio Emission of the Moon and Planet
suggest,"['intimate', 'indicate', 'advise', 'hint', 'suggest', 'paint_a_picture', 'propose', 'evoke']",Radio Emission of the Moon and Planet
measured,"['quantify', 'mensural', 'deliberate', 'evaluate', 'mensurate', 'assess', 'value', 'metric', 'calculated', 'appraise', 'careful', 'metrical', 'valuate', 'mensurable', 'measured', 'measure', 'measure_out']",Radio Emission of the Moon and Planet
changes,"['exchange', 'switch', 'change', 'convert', 'shift', 'modify', 'alter', 'alteration', 'vary', 'commute', 'modification', 'transfer', 'interchange', 'variety', 'deepen']",Radio Emission of the Moon and Planet
e.g.,"['e.g.', 'for_example', 'for_instance']",Radio Emission of the Moon and Planet
referred,"['cite', 'refer', 'consult', 'bear_on', 'come_to', 'touch', 'touch_on', 'have-to_doe_with', 'bring_up', 'name', 'look_up', 'denote', 'pertain', 'mention', 'relate', 'concern', 'advert']",Radio Emission of the Moon and Planet
cycles,"['rhythm', 'wheel', 'round', 'pedal', 'motorbike', 'bicycle', 'hertz', 'cps', 'cycles/second', 'bike', 'cycle_per_second', 'oscillation', 'motorcycle', 'cycle', 'Hz']",Radio Emission of the Moon and Planet
sizable,"['ample', 'sizeable', 'goodish', 'healthy', 'respectable', 'tidy', 'hefty', 'sizable', 'goodly']",Radio Emission of the Moon and Planet
reflected,"['mull', 'chew_over', 'mull_over', 'ruminate', 'meditate', 'shine', 'think_over', 'contemplate', 'reverberate', 'excogitate', 'ponder', 'reflected', 'muse', 'reflect', 'speculate']",Radio Emission of the Moon and Planet
diameter,"['diam', 'diameter']",Radio Emission of the Moon and Planet
recently,"['lately', 'latterly', 'recently', 'late', 'of_late']",Radio Emission of the Moon and Planet
when,[],Radio Emission of the Moon and Planet
summarized,"['sum_up', 'summarize', 'sum', 'summarise', 'resume']",Radio Emission of the Moon and Planet
non-thermal,[],Radio Emission of the Moon and Planet
At,"['at', 'astatine', 'atomic_number_85', 'At']",Radio Emission of the Moon and Planet
graphical,"['graphical', 'graphic', 'in_writing']",Radio Emission of the Moon and Planet
enough,"['sufficiency', 'adequate', 'decent', 'enough', 'plenty']",Radio Emission of the Moon and Planet
reaches,"['orbit', 'ambit', 'grasp', 'reach_out', 'strive', 'achieve', 'touch', 'compass', 'pass_on', 'range', 'extend_to', 'get_hold_of', 'accomplish', 'progress_to', 'reaching', 'give', 'strain', 'scope', 'pass', 'stretch', 'turn_over', 'gain', 'get_to', 'hit', 'contact', 'hand', 'reach', 'make', 'attain', 'arrive_at', 'get_through']",Radio Emission of the Moon and Planet
since,[],Radio Emission of the Moon and Planet
accurate,"['exact', 'precise', 'accurate']",Radio Emission of the Moon and Planet
case,"['event', 'font', 'eccentric', 'instance', 'shell', 'typeface', 'lawsuit', 'pillowcase', 'cause', 'character', 'type', 'example', 'showcase', 'sheath', 'guinea_pig', 'casing', 'suit', 'grammatical_case', 'pillow_slip', 'subject', 'encase', ""typesetter's_case"", 'incase', 'causa', 'vitrine', ""compositor's_case"", 'case', 'slip', 'face', 'caseful', 'display_case', 'fount']",Radio Emission of the Moon and Planet
previously,"['previously', 'antecedently']",Radio Emission of the Moon and Planet
radiation,"['radiation_therapy', 'radioactivity', 'actinotherapy', 'radiation_syndrome', 'radiotherapy', 'radiation', 'irradiation', 'radiation_sickness']",Radio Emission of the Moon and Planet
with,[],Radio Emission of the Moon and Planet
set,"['determined', 'sic', 'adjust', 'Seth', 'mark', 'laid', 'circle', 'specify', 'band', 'limit', 'typeset', 'rig', 'go_under', 'situated', 'countersink', 'position', 'solidifying', 'coif', 'fix', 'localize', 'correct', 'plant', 'fit', 'arrange', 'located', 'placed', 'dictated', 'hardening', 'set_up', 'dress', 'readiness', 'curing', 'put', 'jell', 'coiffure', 'determine', 'fructify', 'solidification', 'hardened', 'lot', 'coiffe', 'place', 'gear_up', 'define', 'go_down', 'rigid', 'do', 'pose', 'congeal', 'Set', 'primed', 'localise', 'lay_out', 'lay', 'fixed', 'exercise_set', 'ready', 'prepare', 'stage_set', 'set', 'bent']",Radio Emission of the Moon and Planet
good,"['goodness', 'ripe', 'well', 'secure', 'dependable', 'honest', 'effective', 'trade_good', 'beneficial', 'in_effect', 'undecomposed', 'right', 'adept', 'serious', 'just', 'commodity', 'full', 'skilful', 'estimable', 'honorable', 'in_force', 'unspoiled', 'near', 'skillful', 'proficient', 'salutary', 'safe', 'expert', 'thoroughly', 'upright', 'dear', 'respectable', 'soundly', 'sound', 'practiced', 'good', 'unspoilt']",Radio Emission of the Moon and Planet
included,"['let_in', 'include', 'admit', 'included']",Radio Emission of the Moon and Planet
specifically,['specifically'],Radio Emission of the Moon and Planet
presumably,"['presumptively', 'presumably']",Radio Emission of the Moon and Planet
use,"['utilise', 'habituate', 'use_of_goods_and_services', 'use', 'economic_consumption', 'employ', 'manipulation', 'utilisation', 'exercise', 'apply', 'utilization', 'role', 'practice', 'expend', 'utilize', 'usance', 'function', 'usage', 'habit', 'enjoyment', 'consumption', 'purpose', 'employment']",Radio Emission of the Moon and Planet
varied,"['diverge', 'change', 'depart', 'varied', 'alter', 'motley', 'vary', 'deviate', 'variegate', 'wide-ranging']",Radio Emission of the Moon and Planet
surface,"['open', 'control_surface', 'rise', 'come_out', 'turn_up', 'coat', 'surface', 'rise_up', 'show_up', 'come_on', 'airfoil', 'aerofoil', ""Earth's_surface"", 'come_up']",Radio Emission of the Moon and Planet
practical,"['hardheaded', 'pragmatic', 'virtual', 'hard-nosed', 'practical']",Radio Emission of the Moon and Planet
Research,"['enquiry', 'research', 'search', 'inquiry', 'explore']",Radio Emission of the Moon and Planet
sinusoidal,['sinusoidal'],Radio Emission of the Moon and Planet
subtended,"['subtend', 'delimit']",Radio Emission of the Moon and Planet
must,"['moldiness', 'must', 'mustiness']",Radio Emission of the Moon and Planet
using,"['victimisation', 'utilise', 'habituate', 'using', 'apply', 'use', 'exploitation', 'practice', 'expend', 'employ', 'utilize', 'victimization']",Radio Emission of the Moon and Planet
Naval,['naval'],Radio Emission of the Moon and Planet
Gaussian,['Gaussian'],Radio Emission of the Moon and Planet
amplitude,"['bountifulness', 'bounty', 'amplitude']",Radio Emission of the Moon and Planet
50-foot,[],Radio Emission of the Moon and Planet
side,"['slope', 'position', 'incline', 'face', 'side_of_meat', 'side', 'English']",Radio Emission of the Moon and Planet
chap.,[],Radio Emission of the Moon and Planet
began,"['set_out', 'get_down', 'lead_off', 'start_out', 'commence', 'set_about', 'start', 'begin', 'get']",Radio Emission of the Moon and Planet
moon's,[],Radio Emission of the Moon and Planet
not,"['not', 'non']",Radio Emission of the Moon and Planet
apparently,"['plainly', 'evidently', 'plain', 'on_the_face_of_it', 'patently', 'ostensibly', 'seemingly', 'obviously', 'manifestly', 'apparently']",Radio Emission of the Moon and Planet
wave,"['flap', 'wafture', 'Wave', 'moving_ridge', 'brandish', 'curl', 'flourish', 'undulation', 'undulate', 'roll', 'waving', 'wave', 'beckon']",Radio Emission of the Moon and Planet
8,"['ogdoad', 'octonary', 'VIII', 'eighter', 'octad', 'eight', 'eighter_from_Decatur', 'viii', 'octet', '8']",Radio Emission of the Moon and Planet
Since,[],Radio Emission of the Moon and Planet
reducing,"['contract', 'dilute', 'cut', 'keep_down', 'repress', 'trim', 'thin_out', 'subjugate', 'scale_down', 'shrink', 'deoxidise', 'abridge', 'deoxidize', 'decoct', 'lose_weight', 'subdue', 'foreshorten', 'boil_down', 'cut_back', 'slim_down', 'come_down', 'shorten', 'trim_back', 'abbreviate', 'quash', 'slenderize', 'trim_down', 'cut_down', 'reduction', 'slim', 'reducing', 'thin', 'melt_off', 'bring_down', 'reduce', 'concentrate', 'tighten']",Radio Emission of the Moon and Planet
1.25-cm,[],Radio Emission of the Moon and Planet
depths,"['depth', 'profoundness', 'astuteness', 'deepness', 'profundity']",Radio Emission of the Moon and Planet
amplifying,"['amplify', 'overdraw', 'hyperbolize', 'exaggerate', 'hyperbolise', 'overstate', 'blow_up', 'expand', 'magnify', 'inflate']",Radio Emission of the Moon and Planet
maximum,"['utmost', 'maximal', 'upper_limit', 'level_best', 'uttermost', 'maximum']",Radio Emission of the Moon and Planet
merely,"['simply', 'only', 'just', 'merely', 'but']",Radio Emission of the Moon and Planet
again,"['once_more', 'again', 'over_again', 'once_again']",Radio Emission of the Moon and Planet
new,"['unexampled', 'newfangled', 'young', 'freshly', 'fresh', 'New', 'newly', 'novel', 'new', 'raw', 'Modern']",Radio Emission of the Moon and Planet
that,[],Radio Emission of the Moon and Planet
in,"['atomic_number_49', 'In', 'inward', 'inwards', 'inch', 'Hoosier_State', 'Indiana', 'in', 'indium', 'IN']",Radio Emission of the Moon and Planet
determination,"['conclusion', 'finding', 'purpose', 'determination', 'decision']",Radio Emission of the Moon and Planet
apparent,"['plain', 'evident', 'patent', 'manifest', 'seeming', 'ostensible', 'apparent', 'unmistakable']",Radio Emission of the Moon and Planet
disk,"['disk', 'record', 'magnetic_disk', 'phonograph_record', 'platter', 'magnetic_disc', 'harrow', 'saucer', 'disc', 'phonograph_recording']",Radio Emission of the Moon and Planet
approximation,"['approximation', 'bringing_close_together', 'estimation', 'idea', 'estimate']",Radio Emission of the Moon and Planet
possibly,"['perhaps', 'possibly', 'perchance', 'maybe', 'mayhap', 'peradventure']",Radio Emission of the Moon and Planet
Point,"['level', 'head', 'channelise', 'taper', 'manoeuvre', 'charge', 'full_stop', 'degree', 'compass_point', 'breaker_point', 'bespeak', 'steer', 'tip', 'peak', 'dot', 'pointedness', 'distributor_point', 'detail', 'sharpen', 'stage', 'aim', 'period', 'signal', 'full_point', 'gunpoint', 'designate', 'show', 'manoeuver', 'direct', 'place', 'guide', 'channelize', 'stop', 'target', 'point', 'decimal_point', 'repoint', 'indicate', 'point_in_time', 'orient', 'percentage_point', 'item', 'spot', 'betoken', 'luff', 'power_point', 'maneuver']",Radio Emission of the Moon and Planet
this,[],Radio Emission of the Moon and Planet
;,[],Radio Emission of the Moon and Planet
during,[],Radio Emission of the Moon and Planet
both,['both'],Radio Emission of the Moon and Planet
allow,"['tolerate', 'permit', 'appropriate', 'grant', 'reserve', 'allow_for', 'provide', 'take_into_account', 'countenance', 'give_up', 'leave', 'set_aside', 'admit', 'earmark', 'let', 'allow']",Radio Emission of the Moon and Planet
3-1/2,[],Radio Emission of the Moon and Planet
outbursts,"['flare-up', 'blowup', 'burst', 'tumultuous_disturbance', 'effusion', 'outburst', 'ebullition', 'gush']",Radio Emission of the Moon and Planet
receivers,"['pass_receiver', 'liquidator', 'pass_catcher', 'recipient', 'telephone_receiver', 'receiving_system', 'receiver']",Radio Emission of the Moon and Planet
May,"['Crataegus_oxycantha', 'May', 'English_hawthorn', 'may', 'whitethorn', 'Crataegus_laevigata']",Radio Emission of the Moon and Planet
Therefore,"['hence', 'therefore', 'thence', 'so', 'consequently', 'thus']",Radio Emission of the Moon and Planet
integration,"['desegregation', 'integration', 'consolidation', 'integrating']",Radio Emission of the Moon and Planet
linearly,['linearly'],Radio Emission of the Moon and Planet
patterns,"['rule', 'model', 'design', 'radiation_diagram', 'form', 'pattern', 'shape', 'practice', 'normal', 'figure', 'approach_pattern', 'radiation_pattern', 'traffic_pattern', 'blueprint', 'convention', 'formula']",Radio Emission of the Moon and Planet
10.3-cm,[],Radio Emission of the Moon and Planet
1946,[],Radio Emission of the Moon and Planet
meters,"['beat', 'm', 'meter', 'metre', 'cadence', 'measure', 'time']",Radio Emission of the Moon and Planet
Mayer,"['Louis_B._Mayer', 'Mayer', 'Louis_Burt_Mayer', 'Marie_Goeppert_Mayer']",Radio Emission of the Moon and Planet
",",[],Radio Emission of the Moon and Planet
exception,"['exclusion', 'elision', 'exception']",Radio Emission of the Moon and Planet
Full,"['full_moon', 'wide-cut', 'entire', 'fully', 'to_the_full', 'wax', 'replete', 'full-of-the-moon', 'full_phase_of_the_moon', 'total', 'wide', 'broad', 'good', 'full']",Radio Emission of the Moon and Planet
reflector,"['reflector', 'reflecting_telescope']",Radio Emission of the Moon and Planet
only,"['exclusively', 'only_if', 'solely', 'solitary', 'simply', 'only_when', 'lone', 'only', 'lonesome', 'alone', 'just', 'merely', 'entirely', 'sole', 'but']",Radio Emission of the Moon and Planet
Such,['such'],Radio Emission of the Moon and Planet
absolute,"['inviolable', 'sheer', 'absolute', 'right-down', 'downright', 'infrangible', 'rank', 'out-and-out']",Radio Emission of the Moon and Planet
Minnett,[],Radio Emission of the Moon and Planet
2,"['two', 'deuce', 'II', 'ii', '2']",Radio Emission of the Moon and Planet
observation,"['notice', 'observance', 'reflection', 'reflexion', 'observation', 'watching']",Radio Emission of the Moon and Planet
calibrating,"['calibrate', 'graduate', 'fine-tune']",Radio Emission of the Moon and Planet
opaque,"['opaque', 'unintelligible']",Radio Emission of the Moon and Planet
otherwise,"['other_than', 'otherwise', 'differently']",Radio Emission of the Moon and Planet
negligible,"['negligible', 'paltry', 'trifling']",Radio Emission of the Moon and Planet
these,[],Radio Emission of the Moon and Planet
ratio,"['proportion', 'ratio']",Radio Emission of the Moon and Planet
They,[],Radio Emission of the Moon and Planet
directivity,"['directiveness', 'directivity', 'directionality']",Radio Emission of the Moon and Planet
sensitive,"['sensible', 'tender', 'spiritualist', 'sensitive', 'medium', 'sore', 'raw']",Radio Emission of the Moon and Planet
periodic,"['periodical', 'periodic', 'occasional']",Radio Emission of the Moon and Planet
high,"['senior_high_school', 'in_high_spirits', 'gamy', 'luxuriously', 'senior_high', 'highschool', 'high-pitched', 'high_up', 'heights', 'gamey', 'mellow', 'high', 'high_school', 'high_gear', 'eminent', 'richly']",Radio Emission of the Moon and Planet
so,"['then', 'and_then', 'thusly', 'indeed', 'hence', 'sol', 'therefore', 'thence', 'and_so', 'so', 'soh', 'thus']",Radio Emission of the Moon and Planet
radiator,['radiator'],Radio Emission of the Moon and Planet
1.5,[],Radio Emission of the Moon and Planet
relative,"['comparative', 'relative', 'congener', 'relation', 'proportional', 'congenator', 'congeneric']",Radio Emission of the Moon and Planet
11,"['eleven', 'XI', '11', 'xi']",Radio Emission of the Moon and Planet
where,[],Radio Emission of the Moon and Planet
electrical,"['electrical', 'electric']",Radio Emission of the Moon and Planet
presently,"['currently', 'before_long', 'shortly', 'presently', 'soon']",Radio Emission of the Moon and Planet
published,"['issue', 'promulgated', 'write', 'put_out', 'bring_out', 'release', 'publish', 'published', 'print']",Radio Emission of the Moon and Planet
increase,"['increment', 'step-up', 'growth', 'increase', 'addition', 'gain']",Radio Emission of the Moon and Planet
assumptions,"['presumptuousness', 'August_15', 'supposal', 'assumption', 'effrontery', 'supposition', 'Assumption_of_Mary', 'premise', 'laying_claim', 'presumption', 'Assumption', 'premiss']",Radio Emission of the Moon and Planet
observations,"['notice', 'observance', 'reflection', 'reflexion', 'observation', 'watching']",Radio Emission of the Moon and Planet
there,"['in_that_location', 'thither', 'on_that_point', 'in_that_respect', 'at_that_place', 'there']",Radio Emission of the Moon and Planet
compared,"['liken', 'compare', 'equate']",Radio Emission of the Moon and Planet
),[],Radio Emission of the Moon and Planet
describe,"['distinguish', 'key', 'describe', 'discover', 'line', 'delineate', 'depict', 'draw', 'account', 'identify', 'trace', 'name', 'report', 'key_out']",Radio Emission of the Moon and Planet
68,"['68', 'lxviii', 'sixty-eight']",Radio Emission of the Moon and Planet
see,"['get_a_line', 'watch', 'take_in', 'experience', 'realize', 'view', 'discover', 'reckon', 'run_into', 'find', 'ascertain', 'see_to_it', 'regard', 'interpret', 'project', 'fancy', 'visualise', 'insure', 'control', 'catch', 'visualize', 'learn', 'pick_up', 'encounter', 'envision', 'go_steady', 'image', 'assure', 'visit', 'go_through', 'witness', 'consider', 'run_across', 'see', 'date', 'determine', 'take_care', 'get_word', 'come_across', 'figure', 'picture', 'examine', 'construe', 'go_out', 'ensure', 'find_out', 'understand', 'hear', 'check', 'meet', 'look', 'attend', 'escort', 'realise', 'get_wind']",Radio Emission of the Moon and Planet
No,"['atomic_number_102', 'No', 'nobelium', 'no', 'no_more']",Radio Emission of the Moon and Planet
account,"['history', 'write_up', 'accounting', 'bill', 'answer_for', 'describe', 'account_statement', 'invoice', 'chronicle', 'account', 'explanation', 'score', 'calculate', 'story', 'business_relationship', 'report', 'news_report']",Radio Emission of the Moon and Planet
should,[],Radio Emission of the Moon and Planet
observable,"['observable', 'discernible', 'evident']",Radio Emission of the Moon and Planet
10-degrees,[],Radio Emission of the Moon and Planet
0.8,[],Radio Emission of the Moon and Planet
diagrams,"['plot', 'diagram']",Radio Emission of the Moon and Planet
very,"['identical', 'real', 'selfsame', 'really', 'rattling', 'very']",Radio Emission of the Moon and Planet
observed,"['detect', 'watch', 'discover', 'honor', 'find', 'keep', 'observe', 'take_note', 'notice', 'watch_over', 'discovered', 'abide_by', 'ascertained', 'maintain', 'mention', 'honour', 'respect', 'follow', 'remark', 'note', 'celebrate', 'keep_an_eye_on', 'observed']",Radio Emission of the Moon and Planet
planetary,"['planetal', 'worldwide', 'wandering', 'world', 'terrestrial', 'world-wide', 'global', 'planetary', 'erratic']",Radio Emission of the Moon and Planet
were,"['comprise', 'follow', 'embody', 'constitute', 'be', 'personify', 'equal', 'cost', 'make_up', 'live', 'represent', 'exist']",Radio Emission of the Moon and Planet
is,"['comprise', 'follow', 'embody', 'constitute', 'be', 'personify', 'equal', 'cost', 'make_up', 'live', 'represent', 'exist']",Radio Emission of the Moon and Planet
(,[],Radio Emission of the Moon and Planet
Sinton,[],Radio Emission of the Moon and Planet
except,"['exclude', 'except', 'take_out', 'omit', 'leave_off', 'demur', 'leave_out']",Radio Emission of the Moon and Planet
from,[],Radio Emission of the Moon and Planet
narrow,"['contract', 'constrict', 'specialise', 'specialize', 'constringe', 'narrow_down', 'narrow', 'pin_down', 'nail_down', 'specify', 'narrow-minded', 'peg_down', 'minute']",Radio Emission of the Moon and Planet
low,"['broken', 'down', 'gloomy', 'low', 'moo', 'Sir_David_Alexander_Cecil_Low', 'low-pitched', 'scurvy', 'blue', 'depression', 'modest', 'dispirited', 'low-down', 'first_gear', 'humble', 'downcast', 'low-spirited', 'Sir_David_Low', 'small', 'abject', 'miserable', 'first', 'David_Low', 'lowly', 'humiliated', 'depressed', 'low-toned', 'Low', 'humbled', 'depleted', 'grim', 'low_gear', 'scummy', 'crushed', 'down_in_the_mouth', 'downhearted']",Radio Emission of the Moon and Planet
combination,"['combining', 'combination', 'compounding']",Radio Emission of the Moon and Planet
absorption,"['absorption', 'preoccupation', 'assimilation', 'soaking_up', 'preoccupancy', 'engrossment', 'immersion', 'concentration']",Radio Emission of the Moon and Planet
cannot,[],Radio Emission of the Moon and Planet
wave-length,[],Radio Emission of the Moon and Planet
if,[],Radio Emission of the Moon and Planet
There,"['in_that_location', 'thither', 'on_that_point', 'in_that_respect', 'at_that_place', 'there']",Radio Emission of the Moon and Planet
plotted,"['plotted', 'aforethought', 'plot', 'diagram', 'planned', 'plat']",Radio Emission of the Moon and Planet
restricted,"['confine', 'qualify', 'curtail', 'trammel', 'restrict', 'restricted', 'restrain', 'throttle', 'qualified', 'limit', 'cut_back', 'curb', 'bound']",Radio Emission of the Moon and Planet
would,[],Radio Emission of the Moon and Planet
different,"['different', 'unlike', 'dissimilar']",Radio Emission of the Moon and Planet
10.2,[],Radio Emission of the Moon and Planet
19,"['XIX', 'nineteen', 'xix', '19']",Radio Emission of the Moon and Planet
shifted,"['budge', 'lurch', 'switch', 'change', 'shift', 'wobble', 'reposition', 'dislodge', 'change_over', 'transfer', 'stir', 'agitate', 'careen', 'tilt', 'pitch']",Radio Emission of the Moon and Planet
across,"['crosswise', 'across', 'crossways']",Radio Emission of the Moon and Planet
meter,"['beat', 'm', 'meter', 'metre', 'cadence', 'measure', 'time']",Radio Emission of the Moon and Planet
uniform,"['uniform', 'consistent', 'unvarying', 'undifferentiated']",Radio Emission of the Moon and Planet
14,"['fourteen', 'XIV', '14', 'xiv']",Radio Emission of the Moon and Planet
was,"['comprise', 'follow', 'embody', 'constitute', 'be', 'personify', 'equal', 'cost', 'WA', 'Washington', 'make_up', 'Evergreen_State', 'live', 'represent', 'exist']",Radio Emission of the Moon and Planet
spectrum,['spectrum'],Radio Emission of the Moon and Planet
Piddington,[],Radio Emission of the Moon and Planet
reasonable,"['sane', 'sensible', 'fairish', 'reasonable', 'fair']",Radio Emission of the Moon and Planet
correspond,"['match', 'stand_for', 'tally', 'check', 'fit', 'correspond', 'equate', 'agree', 'gibe', 'represent', 'jibe']",Radio Emission of the Moon and Planet
These,[],Radio Emission of the Moon and Planet
Amenitskii,[],Radio Emission of the Moon and Planet
latitude,"['parallel_of_latitude', 'latitude', 'parallel', 'line_of_latitude']",Radio Emission of the Moon and Planet
In,"['atomic_number_49', 'In', 'inward', 'inwards', 'inch', 'Hoosier_State', 'Indiana', 'in', 'indium', 'IN']",Radio Emission of the Moon and Planet
early,"['other', 'too_soon', 'former', 'early', 'ahead_of_time', 'early_on', 'betimes']",Radio Emission of the Moon and Planet
emitting,"['let_loose', 'breathe', 'give_out', 'emit', 'pass_off', 'give_off', 'let_out', 'utter']",Radio Emission of the Moon and Planet
Gallet,[],Radio Emission of the Moon and Planet
portion,"['dowery', 'share', 'parcel', 'fortune', 'helping', 'percentage', 'luck', 'destiny', 'dowry', 'part', 'dower', 'serving', 'lot', 'constituent', 'fate', 'component_part', 'allot', 'component', 'portion', 'assign', 'circumstances']",Radio Emission of the Moon and Planet
partially,"['partially', 'part', 'partly']",Radio Emission of the Moon and Planet
errors,"['error', 'erroneous_belief', 'misplay', 'erroneousness', 'computer_error', 'mistake', 'fault', 'wrongdoing']",Radio Emission of the Moon and Planet
include,"['let_in', 'include', 'admit']",Radio Emission of the Moon and Planet
8.6-mm,[],Radio Emission of the Moon and Planet
lunar,['lunar'],Radio Emission of the Moon and Planet
.,[],Radio Emission of the Moon and Planet
suggests,"['intimate', 'indicate', 'advise', 'hint', 'suggest', 'paint_a_picture', 'propose', 'evoke']",Radio Emission of the Moon and Planet
well,"['fountainhead', 'advantageously', 'wellspring', 'swell', 'well', 'easily', 'intimately', 'comfortably', 'considerably', 'good', 'substantially']",Radio Emission of the Moon and Planet
predicted,"['predict', 'call', 'omen', 'forecast', 'auspicate', 'prefigure', 'foreshadow', 'portend', 'presage', 'foretell', 'forebode', 'prognosticate', 'betoken', 'augur', 'bode', 'promise', 'anticipate']",Radio Emission of the Moon and Planet
quiescent,['quiescent'],Radio Emission of the Moon and Planet
rather,"['preferably', 'quite', 'kinda', 'instead', 'sooner', 'sort_of', 'rather', 'kind_of']",Radio Emission of the Moon and Planet
black-body,[],Radio Emission of the Moon and Planet
Franklin,"['Benjamin_Franklin', 'franklin', 'John_Hope_Franklin', 'Franklin']",Radio Emission of the Moon and Planet
detected,"['detect', 'observe', 'discover', 'notice', 'find', 'detected']",Radio Emission of the Moon and Planet
minute,"['second', 'moment', 'infinitesimal', 'minute_of_arc', 'narrow', 'bit', 'min', 'mo', 'arcminute', 'hour', 'instant', 'minute']",Radio Emission of the Moon and Planet
explained,"['excuse', 'explain', 'explicate']",Radio Emission of the Moon and Planet
those,[],Radio Emission of the Moon and Planet
basis,"['fundament', 'basis', 'ground', 'cornerstone', 'base', 'footing', 'foundation', 'groundwork']",Radio Emission of the Moon and Planet
decimeter-wave-length,[],Radio Emission of the Moon and Planet
remains,"['persist', 'cadaver', 'stiff', 'rest', 'remains', 'continue', 'corpse', 'stay', 'stay_on', 'remain', 'clay']",Radio Emission of the Moon and Planet
however,"['nevertheless', 'yet', 'nonetheless', 'notwithstanding', 'all_the_same', 'withal', 'however', 'still', 'even_so']",Radio Emission of the Moon and Planet
data,"['datum', 'information', 'data_point', 'data']",Radio Emission of the Moon and Planet
peak,"['elevation', 'top', 'visor', 'eyeshade', 'acme', 'top_out', 'flower', 'meridian', 'bloom', 'flush', 'summit', 'tip', 'peak', 'extremum', 'height', 'efflorescence', 'vertex', 'pinnacle', 'crown', 'vizor', 'blossom', 'tiptop', 'crest', 'superlative', 'apex', 'prime', 'point', 'bill', 'heyday']",Radio Emission of the Moon and Planet
has,"['experience', 'take_in', 'accept', 'own', 'deliver', 'receive', 'stimulate', 'give_birth', 'let', 'HA', 'cause', 'consume', 'birth', 'get', 'take', 'give', 'hold', 'have_got', 'throw', 'induce', 'suffer', 'hour_angle', 'have', 'possess', 'feature', 'ingest', 'make', 'sustain', 'bear']",Radio Emission of the Moon and Planet
concept,"['conception', 'construct', 'concept']",Radio Emission of the Moon and Planet
some,"['approximately', 'about', 'roughly', 'around', 'or_so', 'just_about', 'some', 'more_or_less', 'close_to']",Radio Emission of the Moon and Planet
sufficiently,['sufficiently'],Radio Emission of the Moon and Planet
likely,"['probable', 'potential', 'probably', 'likely', 'belike', 'in_all_probability', 'in_all_likelihood']",Radio Emission of the Moon and Planet
Observatory,"['lookout_station', 'observatory', 'observation_tower', 'lookout']",Radio Emission of the Moon and Planet
needed,"['requisite', 'ask', 'necessitate', 'take', 'needed', 'want', 'postulate', 'required', 'involve', 'call_for', 'needful', 'need', 'require', 'demand']",Radio Emission of the Moon and Planet
followed,"['watch', 'accompany', 'surveil', 'come_after', 'adopt', 'survey', 'observe', 'keep_abreast', 'stick_with', 'come', 'watch_over', 'play_along', 'keep_up', 'take_after', 'espouse', 'travel_along', 'abide_by', 'fall_out', 'trace', 'succeed', 'conform_to', 'comply', 'pursue', 'follow', 'stick_to', 'be', 'postdate', 'keep_an_eye_on']",Radio Emission of the Moon and Planet
an,"['Associate_in_Nursing', 'AN']",Radio Emission of the Moon and Planet
larger,"['large', 'orotund', 'expectant', 'turgid', 'heavy', 'bigger', 'big', 'great', 'bombastic', 'tumid', 'larger', 'magnanimous', 'enceinte', 'prominent', 'declamatory', 'with_child', 'gravid']",Radio Emission of the Moon and Planet
although,[],Radio Emission of the Moon and Planet
75,"['seventy-five', 'lxxv', '75']",Radio Emission of the Moon and Planet
antennae,"['transmitting_aerial', 'antenna', 'aerial', 'feeler']",Radio Emission of the Moon and Planet
heat,"['inflame', 'estrus', 'hotness', 'ignite', 'heat_energy', 'heating_plant', 'rut', 'heating_system', 'wake', 'hot_up', 'oestrus', 'high_temperature', 'stir_up', 'heat', 'passion', 'heating', 'fire_up', 'warmth', 'heat_up']",Radio Emission of the Moon and Planet
can,"['ass', 'tush', 'backside', 'give_the_sack', 'stern', 'bathroom', 'behind', 'canful', 'butt', 'nates', 'fundament', 'tail_end', 'privy', 'keister', 'send_away', 'dismiss', 'rear_end', 'fanny', 'give_the_axe', 'lav', 'potty', 'arse', 'john', 'fire', 'hindquarters', 'seat', 'rump', 'bottom', 'sack', 'throne', 'give_notice', 'rear', 'lavatory', 'displace', 'derriere', 'terminate', 'posterior', 'buttocks', 'can', 'can_buoy', 'pot', 'stool', 'crapper', 'buns', 'tail', 'tin', 'tooshie', 'commode', 'put_up', 'toilet', 'tin_can', 'force_out', 'hind_end', 'prat', 'bum']",Radio Emission of the Moon and Planet
0.85,[],Radio Emission of the Moon and Planet
variable,"['variable', 'variable_star', 'variable_quantity', 'varying']",Radio Emission of the Moon and Planet
1957,[],Radio Emission of the Moon and Planet
brightness,"['smartness', 'brightness', 'cleverness', 'luminosity', 'luminousness', 'brightness_level', 'luminance', 'light']",Radio Emission of the Moon and Planet
arrival,"['reaching', 'comer', 'arriver', 'arrival']",Radio Emission of the Moon and Planet
nearly,"['about', 'nearly', 'near', 'closely', 'almost', 'well-nigh', 'most', 'virtually', 'intimately', 'nigh']",Radio Emission of the Moon and Planet
angular,"['angular', 'angulate']",Radio Emission of the Moon and Planet
explanation,"['account', 'explanation']",Radio Emission of the Moon and Planet
due,"['referable', 'imputable', 'due', 'ascribable']",Radio Emission of the Moon and Planet
spite,"['injure', 'hurt', 'cattiness', 'offend', 'wound', 'bruise', 'spitefulness', 'malice', 'bitchiness', 'spite', 'venom', 'nastiness', 'maliciousness']",Radio Emission of the Moon and Planet
Dicke,[],Radio Emission of the Moon and Planet
construction,"['expression', 'twist', 'building', 'structure', 'mental_synthesis', 'construction', 'grammatical_construction']",Radio Emission of the Moon and Planet
